paper_section	level	section_kind	title	first_node_number	first_node_id	last_node_number	last_node_id	node_count	derivation_order_start	derivation_order_end	main_directory	supplement_directory	generated_from
1	0	ROOT_SECTION	Primitive provenance and response-coupled growth	001	I001	045	CTRL004	45	1	45	derivation/paper/main/sections/01_primitive_provenance_and_response_coupled_growth	derivation/supplement/sections/01_primitive_provenance_and_response_coupled_growth	derivation/registry/dag/NODES.tsv
1.1	1	SECTION_GROUP	Primitive inputs, provenance grammar and event order	001	I001	007	P002	7	1	7	derivation/paper/main/sections/01_primitive_provenance_and_response_coupled_growth/01_primitive_inputs_provenance_grammar_and_event_order	derivation/supplement/sections/01_primitive_provenance_and_response_coupled_growth/01_primitive_inputs_provenance_grammar_and_event_order	derivation/registry/dag/NODES.tsv
1.1.1	2	NODE_SECTION	Branching parameter b	001	I001	001	I001	1	1	1	derivation/paper/main/sections/01_primitive_provenance_and_response_coupled_growth/01_primitive_inputs_provenance_grammar_and_event_order/001_I001__branching_parameter_b	derivation/supplement/sections/01_primitive_provenance_and_response_coupled_growth/01_primitive_inputs_provenance_grammar_and_event_order/001_I001__branching_parameter_b	derivation/registry/dag/NODES.tsv
1.1.2	2	NODE_SECTION	Finite approximant depth L	002	I002	002	I002	1	2	2	derivation/paper/main/sections/01_primitive_provenance_and_response_coupled_growth/01_primitive_inputs_provenance_grammar_and_event_order/002_I002__finite_approximant_depth_l	derivation/supplement/sections/01_primitive_provenance_and_response_coupled_growth/01_primitive_inputs_provenance_grammar_and_event_order/002_I002__finite_approximant_depth_l	derivation/registry/dag/NODES.tsv
1.1.3	2	NODE_SECTION	Empty carrier ∅	003	C001	003	C001	1	3	3	derivation/paper/main/sections/01_primitive_provenance_and_response_coupled_growth/01_primitive_inputs_provenance_grammar_and_event_order/003_C001__empty_carrier	derivation/supplement/sections/01_primitive_provenance_and_response_coupled_growth/01_primitive_inputs_provenance_grammar_and_event_order/003_C001__empty_carrier	derivation/registry/dag/NODES.tsv
1.1.4	2	NODE_SECTION	Root genesis r	004	C002	004	C002	1	4	4	derivation/paper/main/sections/01_primitive_provenance_and_response_coupled_growth/01_primitive_inputs_provenance_grammar_and_event_order/004_C002__root_genesis_r	derivation/supplement/sections/01_primitive_provenance_and_response_coupled_growth/01_primitive_inputs_provenance_grammar_and_event_order/004_C002__root_genesis_r	derivation/registry/dag/NODES.tsv
1.1.5	2	NODE_SECTION	Finite b-ary provenance grammar	005	C003	005	C003	1	5	5	derivation/paper/main/sections/01_primitive_provenance_and_response_coupled_growth/01_primitive_inputs_provenance_grammar_and_event_order/005_C003__finite_b_ary_provenance_grammar	derivation/supplement/sections/01_primitive_provenance_and_response_coupled_growth/01_primitive_inputs_provenance_grammar_and_event_order/005_C003__finite_b_ary_provenance_grammar	derivation/registry/dag/NODES.tsv
1.1.6	2	NODE_SECTION	Canonical BFS/lexicographic provenance birth schedule	006	C018	007	P002	2	6	7	derivation/paper/main/sections/01_primitive_provenance_and_response_coupled_growth/01_primitive_inputs_provenance_grammar_and_event_order/006_C018__canonical_bfs_lexicographic_provenance_birth_schedule	derivation/supplement/sections/01_primitive_provenance_and_response_coupled_growth/01_primitive_inputs_provenance_grammar_and_event_order/006_C018__canonical_bfs_lexicographic_provenance_birth_schedule	derivation/registry/dag/NODES.tsv
1.1.6.1	3	PROOF_NODE_SECTION	Canonical schedule strict-total-order closure	007	P002	007	P002	1	7	7	derivation/paper/main/sections/01_primitive_provenance_and_response_coupled_growth/01_primitive_inputs_provenance_grammar_and_event_order/006_C018__canonical_bfs_lexicographic_provenance_birth_schedule/007_P002__canonical_schedule_strict_total_order_closure	derivation/supplement/sections/01_primitive_provenance_and_response_coupled_growth/01_primitive_inputs_provenance_grammar_and_event_order/006_C018__canonical_bfs_lexicographic_provenance_birth_schedule/007_P002__canonical_schedule_strict_total_order_closure	derivation/registry/dag/NODES.tsv
1.2	1	SECTION_GROUP	Bootstrap of the first provenance relation	008	C004A	014	C014	7	8	14	derivation/paper/main/sections/01_primitive_provenance_and_response_coupled_growth/02_bootstrap_of_the_first_provenance_relation	derivation/supplement/sections/01_primitive_provenance_and_response_coupled_growth/02_bootstrap_of_the_first_provenance_relation	derivation/registry/dag/NODES.tsv
1.2.1	2	NODE_SECTION	First provenance slot s₁	008	C004A	008	C004A	1	8	8	derivation/paper/main/sections/01_primitive_provenance_and_response_coupled_growth/02_bootstrap_of_the_first_provenance_relation/008_C004A__first_provenance_slot_s	derivation/supplement/sections/01_primitive_provenance_and_response_coupled_growth/02_bootstrap_of_the_first_provenance_relation/008_C004A__first_provenance_slot_s	derivation/registry/dag/NODES.tsv
1.2.2	2	NODE_SECTION	Genesis seed ★	009	A001	009	A001	1	9	9	derivation/paper/main/sections/01_primitive_provenance_and_response_coupled_growth/02_bootstrap_of_the_first_provenance_relation/009_A001__genesis_seed	derivation/supplement/sections/01_primitive_provenance_and_response_coupled_growth/02_bootstrap_of_the_first_provenance_relation/009_A001__genesis_seed	derivation/registry/dag/NODES.tsv
1.2.3	2	NODE_SECTION	Initial conductance normalization C★=1	010	N001	010	N001	1	10	10	derivation/paper/main/sections/01_primitive_provenance_and_response_coupled_growth/02_bootstrap_of_the_first_provenance_relation/010_N001__initial_conductance_normalization_c_1	derivation/supplement/sections/01_primitive_provenance_and_response_coupled_growth/02_bootstrap_of_the_first_provenance_relation/010_N001__initial_conductance_normalization_c_1	derivation/registry/dag/NODES.tsv
1.2.4	2	NODE_SECTION	First non-root provenance birth v₁	011	C013	011	C013	1	11	11	derivation/paper/main/sections/01_primitive_provenance_and_response_coupled_growth/02_bootstrap_of_the_first_provenance_relation/011_C013__first_non_root_provenance_birth_v	derivation/supplement/sections/01_primitive_provenance_and_response_coupled_growth/02_bootstrap_of_the_first_provenance_relation/011_C013__first_non_root_provenance_birth_v	derivation/registry/dag/NODES.tsv
1.2.5	2	NODE_SECTION	Seed-neutrality theorem for first birth	012	T001	012	T001	1	12	12	derivation/paper/main/sections/01_primitive_provenance_and_response_coupled_growth/02_bootstrap_of_the_first_provenance_relation/012_T001__seed_neutrality_theorem_for_first_birth	derivation/supplement/sections/01_primitive_provenance_and_response_coupled_growth/02_bootstrap_of_the_first_provenance_relation/012_T001__seed_neutrality_theorem_for_first_birth	derivation/registry/dag/NODES.tsv
1.2.6	2	NODE_SECTION	Conductance-unit normalization independence	013	M005	013	M005	1	13	13	derivation/paper/main/sections/01_primitive_provenance_and_response_coupled_growth/02_bootstrap_of_the_first_provenance_relation/013_M005__conductance_unit_normalization_independence	derivation/supplement/sections/01_primitive_provenance_and_response_coupled_growth/02_bootstrap_of_the_first_provenance_relation/013_M005__conductance_unit_normalization_independence	derivation/registry/dag/NODES.tsv
1.2.7	2	NODE_SECTION	Bootstrap state X₁={r,v₁; C(r,v₁)=1}	014	C014	014	C014	1	14	14	derivation/paper/main/sections/01_primitive_provenance_and_response_coupled_growth/02_bootstrap_of_the_first_provenance_relation/014_C014__bootstrap_state_x_r_v_c_r_v_1	derivation/supplement/sections/01_primitive_provenance_and_response_coupled_growth/02_bootstrap_of_the_first_provenance_relation/014_C014__bootstrap_state_x_r_v_c_r_v_1	derivation/registry/dag/NODES.tsv
1.3	1	SECTION_GROUP	Canonical cut, complement elimination and birth steering	015	C005	026	M004	12	15	26	derivation/paper/main/sections/01_primitive_provenance_and_response_coupled_growth/03_canonical_cut_complement_elimination_and_birth_steering	derivation/supplement/sections/01_primitive_provenance_and_response_coupled_growth/03_canonical_cut_complement_elimination_and_birth_steering	derivation/registry/dag/NODES.tsv
1.3.1	2	NODE_SECTION	Response-capable state schema Xₙ (n≥1)	015	C005	015	C005	1	15	15	derivation/paper/main/sections/01_primitive_provenance_and_response_coupled_growth/03_canonical_cut_complement_elimination_and_birth_steering/015_C005__response_capable_state_schema_x_n_1	derivation/supplement/sections/01_primitive_provenance_and_response_coupled_growth/03_canonical_cut_complement_elimination_and_birth_steering/015_C005__response_capable_state_schema_x_n_1	derivation/registry/dag/NODES.tsv
1.3.2	2	NODE_SECTION	Next open provenance slot sₙ₊₁ (n≥1)	016	C004	016	C004	1	16	16	derivation/paper/main/sections/01_primitive_provenance_and_response_coupled_growth/03_canonical_cut_complement_elimination_and_birth_steering/016_C004__next_open_provenance_slot_s_n_1	derivation/supplement/sections/01_primitive_provenance_and_response_coupled_growth/03_canonical_cut_complement_elimination_and_birth_steering/016_C004__next_open_provenance_slot_s_n_1	derivation/registry/dag/NODES.tsv
1.3.3	2	NODE_SECTION	Birth-local Schur/DtN primitive	017	C006	017	C006	1	17	17	derivation/paper/main/sections/01_primitive_provenance_and_response_coupled_growth/03_canonical_cut_complement_elimination_and_birth_steering/017_C006__birth_local_schur_dtn_primitive	derivation/supplement/sections/01_primitive_provenance_and_response_coupled_growth/03_canonical_cut_complement_elimination_and_birth_steering/017_C006__birth_local_schur_dtn_primitive	derivation/registry/dag/NODES.tsv
1.3.4	2	NODE_SECTION	Canonical birth-local measurement cut Cₙ(sₙ₊₁)	018	M001	019	P003	2	18	19	derivation/paper/main/sections/01_primitive_provenance_and_response_coupled_growth/03_canonical_cut_complement_elimination_and_birth_steering/018_M001__canonical_birth_local_measurement_cut_c_s	derivation/supplement/sections/01_primitive_provenance_and_response_coupled_growth/03_canonical_cut_complement_elimination_and_birth_steering/018_M001__canonical_birth_local_measurement_cut_c_s	derivation/registry/dag/NODES.tsv
1.3.4.1	3	PROOF_NODE_SECTION	Birth-cut canonicity and partition well-formedness	019	P003	019	P003	1	19	19	derivation/paper/main/sections/01_primitive_provenance_and_response_coupled_growth/03_canonical_cut_complement_elimination_and_birth_steering/018_M001__canonical_birth_local_measurement_cut_c_s/019_P003__birth_cut_canonicity_and_partition_well_formedness	derivation/supplement/sections/01_primitive_provenance_and_response_coupled_growth/03_canonical_cut_complement_elimination_and_birth_steering/018_M001__canonical_birth_local_measurement_cut_c_s/019_P003__birth_cut_canonicity_and_partition_well_formedness	derivation/registry/dag/NODES.tsv
1.3.5	2	NODE_SECTION	Birth-cut interior-domain theorem	020	M002	020	M002	1	20	20	derivation/paper/main/sections/01_primitive_provenance_and_response_coupled_growth/03_canonical_cut_complement_elimination_and_birth_steering/020_M002__birth_cut_interior_domain_theorem	derivation/supplement/sections/01_primitive_provenance_and_response_coupled_growth/03_canonical_cut_complement_elimination_and_birth_steering/020_M002__birth_cut_interior_domain_theorem	derivation/registry/dag/NODES.tsv
1.3.6	2	NODE_SECTION	Inter-birth directed response Rₙ(sₙ₊₁)	021	C007	021	C007	1	21	21	derivation/paper/main/sections/01_primitive_provenance_and_response_coupled_growth/03_canonical_cut_complement_elimination_and_birth_steering/021_C007__inter_birth_directed_response_r_s	derivation/supplement/sections/01_primitive_provenance_and_response_coupled_growth/03_canonical_cut_complement_elimination_and_birth_steering/021_C007__inter_birth_directed_response_r_s	derivation/registry/dag/NODES.tsv
1.3.7	2	NODE_SECTION	IST response-independent directed-bias obstruction	022	O001	022	O001	1	22	22	derivation/paper/main/sections/01_primitive_provenance_and_response_coupled_growth/03_canonical_cut_complement_elimination_and_birth_steering/022_O001__ist_response_independent_directed_bias_obstruction	derivation/supplement/sections/01_primitive_provenance_and_response_coupled_growth/03_canonical_cut_complement_elimination_and_birth_steering/022_O001__ist_response_independent_directed_bias_obstruction	derivation/registry/dag/NODES.tsv
1.3.8	2	NODE_SECTION	Active linear steering mode φ(x)=x	023	C015	023	C015	1	23	23	derivation/paper/main/sections/01_primitive_provenance_and_response_coupled_growth/03_canonical_cut_complement_elimination_and_birth_steering/023_C015__active_linear_steering_mode_x_x	derivation/supplement/sections/01_primitive_provenance_and_response_coupled_growth/03_canonical_cut_complement_elimination_and_birth_steering/023_C015__active_linear_steering_mode_x_x	derivation/registry/dag/NODES.tsv
1.3.9	2	NODE_SECTION	Canonical response-steering functional Σ_b[Rₙ,s]	024	M003	025	P001	2	24	25	derivation/paper/main/sections/01_primitive_provenance_and_response_coupled_growth/03_canonical_cut_complement_elimination_and_birth_steering/024_M003__canonical_response_steering_functional_b_r_s	derivation/supplement/sections/01_primitive_provenance_and_response_coupled_growth/03_canonical_cut_complement_elimination_and_birth_steering/024_M003__canonical_response_steering_functional_b_r_s	derivation/registry/dag/NODES.tsv
1.3.9.1	3	PROOF_NODE_SECTION	Reusable directed Schur/DtN/Kron channel closure	025	P001	025	P001	1	25	25	derivation/paper/main/sections/01_primitive_provenance_and_response_coupled_growth/03_canonical_cut_complement_elimination_and_birth_steering/024_M003__canonical_response_steering_functional_b_r_s/025_P001__reusable_directed_schur_dtn_kron_channel_closure	derivation/supplement/sections/01_primitive_provenance_and_response_coupled_growth/03_canonical_cut_complement_elimination_and_birth_steering/024_M003__canonical_response_steering_functional_b_r_s/025_P001__reusable_directed_schur_dtn_kron_channel_closure	derivation/registry/dag/NODES.tsv
1.3.10	2	NODE_SECTION	Response-coupled birth law 𝔅_b	026	M004	026	M004	1	26	26	derivation/paper/main/sections/01_primitive_provenance_and_response_coupled_growth/03_canonical_cut_complement_elimination_and_birth_steering/026_M004__response_coupled_birth_law_b	derivation/supplement/sections/01_primitive_provenance_and_response_coupled_growth/03_canonical_cut_complement_elimination_and_birth_steering/026_M004__response_coupled_birth_law_b	derivation/registry/dag/NODES.tsv
1.4	1	SECTION_GROUP	Record/live update, backreaction channels and finite closure	027	C008	032	T003	6	27	32	derivation/paper/main/sections/01_primitive_provenance_and_response_coupled_growth/04_record_live_update_backreaction_channels_and_finite_closure	derivation/supplement/sections/01_primitive_provenance_and_response_coupled_growth/04_record_live_update_backreaction_channels_and_finite_closure	derivation/registry/dag/NODES.tsv
1.4.1	2	NODE_SECTION	Record/live response-coupled update	027	C008	027	C008	1	27	27	derivation/paper/main/sections/01_primitive_provenance_and_response_coupled_growth/04_record_live_update_backreaction_channels_and_finite_closure/027_C008__record_live_response_coupled_update	derivation/supplement/sections/01_primitive_provenance_and_response_coupled_growth/04_record_live_update_backreaction_channels_and_finite_closure/027_C008__record_live_response_coupled_update	derivation/registry/dag/NODES.tsv
1.4.2	2	NODE_SECTION	Immutable record channel	028	C016	028	C016	1	28	28	derivation/paper/main/sections/01_primitive_provenance_and_response_coupled_growth/04_record_live_update_backreaction_channels_and_finite_closure/028_C016__immutable_record_channel	derivation/supplement/sections/01_primitive_provenance_and_response_coupled_growth/04_record_live_update_backreaction_channels_and_finite_closure/028_C016__immutable_record_channel	derivation/registry/dag/NODES.tsv
1.4.3	2	NODE_SECTION	Current live channel	029	C017	029	C017	1	29	29	derivation/paper/main/sections/01_primitive_provenance_and_response_coupled_growth/04_record_live_update_backreaction_channels_and_finite_closure/029_C017__current_live_channel	derivation/supplement/sections/01_primitive_provenance_and_response_coupled_growth/04_record_live_update_backreaction_channels_and_finite_closure/029_C017__current_live_channel	derivation/registry/dag/NODES.tsv
1.4.4	2	NODE_SECTION	Codomain state Xₙ₊₁	030	C009	030	C009	1	30	30	derivation/paper/main/sections/01_primitive_provenance_and_response_coupled_growth/04_record_live_update_backreaction_channels_and_finite_closure/030_C009__codomain_state_x	derivation/supplement/sections/01_primitive_provenance_and_response_coupled_growth/04_record_live_update_backreaction_channels_and_finite_closure/030_C009__codomain_state_x	derivation/registry/dag/NODES.tsv
1.4.5	2	NODE_SECTION	Recurrent state-closure theorem	031	T002	031	T002	1	31	31	derivation/paper/main/sections/01_primitive_provenance_and_response_coupled_growth/04_record_live_update_backreaction_channels_and_finite_closure/031_T002__recurrent_state_closure_theorem	derivation/supplement/sections/01_primitive_provenance_and_response_coupled_growth/04_record_live_update_backreaction_channels_and_finite_closure/031_T002__recurrent_state_closure_theorem	derivation/registry/dag/NODES.tsv
1.4.6	2	NODE_SECTION	Provenance-label equivariance and no hard-coded rank-bias theorem	032	T003	032	T003	1	32	32	derivation/paper/main/sections/01_primitive_provenance_and_response_coupled_growth/04_record_live_update_backreaction_channels_and_finite_closure/032_T003__provenance_label_equivariance_and_no_hard_coded_rank_bias_theorem	derivation/supplement/sections/01_primitive_provenance_and_response_coupled_growth/04_record_live_update_backreaction_channels_and_finite_closure/032_T003__provenance_label_equivariance_and_no_hard_coded_rank_bias_theorem	derivation/registry/dag/NODES.tsv
1.5	1	SECTION_GROUP	Event order, response order and finite completion	033	C010	040	P006	8	33	40	derivation/paper/main/sections/01_primitive_provenance_and_response_coupled_growth/05_event_order_response_order_and_finite_completion	derivation/supplement/sections/01_primitive_provenance_and_response_coupled_growth/05_event_order_response_order_and_finite_completion	derivation/registry/dag/NODES.tsv
1.5.1	2	NODE_SECTION	Provenance event index τₙ	033	C010	033	C010	1	33	33	derivation/paper/main/sections/01_primitive_provenance_and_response_coupled_growth/05_event_order_response_order_and_finite_completion/033_C010__provenance_event_index	derivation/supplement/sections/01_primitive_provenance_and_response_coupled_growth/05_event_order_response_order_and_finite_completion/033_C010__provenance_event_index	derivation/registry/dag/NODES.tsv
1.5.2	2	NODE_SECTION	Response-time origin T₁=0	034	N002	034	N002	1	34	34	derivation/paper/main/sections/01_primitive_provenance_and_response_coupled_growth/05_event_order_response_order_and_finite_completion/034_N002__response_time_origin_t_0	derivation/supplement/sections/01_primitive_provenance_and_response_coupled_growth/05_event_order_response_order_and_finite_completion/034_N002__response_time_origin_t_0	derivation/registry/dag/NODES.tsv
1.5.3	2	NODE_SECTION	Response-derived birth lapse ℓₙ₊₁	035	C011	035	C011	1	35	35	derivation/paper/main/sections/01_primitive_provenance_and_response_coupled_growth/05_event_order_response_order_and_finite_completion/035_C011__response_derived_birth_lapse	derivation/supplement/sections/01_primitive_provenance_and_response_coupled_growth/05_event_order_response_order_and_finite_completion/035_C011__response_derived_birth_lapse	derivation/registry/dag/NODES.tsv
1.5.4	2	NODE_SECTION	Cumulative response-derived birth time Tₙ	036	C012	036	C012	1	36	36	derivation/paper/main/sections/01_primitive_provenance_and_response_coupled_growth/05_event_order_response_order_and_finite_completion/036_C012__cumulative_response_derived_birth_time_t	derivation/supplement/sections/01_primitive_provenance_and_response_coupled_growth/05_event_order_response_order_and_finite_completion/036_C012__cumulative_response_derived_birth_time_t	derivation/registry/dag/NODES.tsv
1.5.5	2	NODE_SECTION	Completed finite response-grown carrier X^(b,L)	037	C019	040	P006	4	37	40	derivation/paper/main/sections/01_primitive_provenance_and_response_coupled_growth/05_event_order_response_order_and_finite_completion/037_C019__completed_finite_response_grown_carrier_x_b_l	derivation/supplement/sections/01_primitive_provenance_and_response_coupled_growth/05_event_order_response_order_and_finite_completion/037_C019__completed_finite_response_grown_carrier_x_b_l	derivation/registry/dag/NODES.tsv
1.5.5.1	3	PROOF_NODE_SECTION	Finite schedule exhaustivity and termination	038	P004	038	P004	1	38	38	derivation/paper/main/sections/01_primitive_provenance_and_response_coupled_growth/05_event_order_response_order_and_finite_completion/037_C019__completed_finite_response_grown_carrier_x_b_l/038_P004__finite_schedule_exhaustivity_and_termination	derivation/supplement/sections/01_primitive_provenance_and_response_coupled_growth/05_event_order_response_order_and_finite_completion/037_C019__completed_finite_response_grown_carrier_x_b_l/038_P004__finite_schedule_exhaustivity_and_termination	derivation/registry/dag/NODES.tsv
1.5.5.2	3	PROOF_NODE_SECTION	Iterated recurrent growth existence and uniqueness	039	P005	039	P005	1	39	39	derivation/paper/main/sections/01_primitive_provenance_and_response_coupled_growth/05_event_order_response_order_and_finite_completion/037_C019__completed_finite_response_grown_carrier_x_b_l/039_P005__iterated_recurrent_growth_existence_and_uniqueness	derivation/supplement/sections/01_primitive_provenance_and_response_coupled_growth/05_event_order_response_order_and_finite_completion/037_C019__completed_finite_response_grown_carrier_x_b_l/039_P005__iterated_recurrent_growth_existence_and_uniqueness	derivation/registry/dag/NODES.tsv
1.5.5.3	3	PROOF_NODE_SECTION	Completed event, lapse, and response-time history coherence	040	P006	040	P006	1	40	40	derivation/paper/main/sections/01_primitive_provenance_and_response_coupled_growth/05_event_order_response_order_and_finite_completion/037_C019__completed_finite_response_grown_carrier_x_b_l/040_P006__completed_event_lapse_and_response_time_history_coherence	derivation/supplement/sections/01_primitive_provenance_and_response_coupled_growth/05_event_order_response_order_and_finite_completion/037_C019__completed_finite_response_grown_carrier_x_b_l/040_P006__completed_event_lapse_and_response_time_history_coherence	derivation/registry/dag/NODES.tsv
1.6	1	SECTION_GROUP	Controls and excluded non-derived mechanisms	041	O002	045	CTRL004	5	41	45	derivation/paper/main/sections/01_primitive_provenance_and_response_coupled_growth/06_controls_and_excluded_non_derived_mechanisms	derivation/supplement/sections/01_primitive_provenance_and_response_coupled_growth/06_controls_and_excluded_non_derived_mechanisms	derivation/registry/dag/NODES.tsv
1.6.1	2	NODE_SECTION	IST post-hoc sym-control obstruction	041	O002	041	O002	1	41	41	derivation/paper/main/sections/01_primitive_provenance_and_response_coupled_growth/06_controls_and_excluded_non_derived_mechanisms/041_O002__ist_post_hoc_sym_control_obstruction	derivation/supplement/sections/01_primitive_provenance_and_response_coupled_growth/06_controls_and_excluded_non_derived_mechanisms/041_O002__ist_post_hoc_sym_control_obstruction	derivation/registry/dag/NODES.tsv
1.6.2	2	NODE_SECTION	Symmetric/null-steering control	042	CTRL001	042	CTRL001	1	42	42	derivation/paper/main/sections/01_primitive_provenance_and_response_coupled_growth/06_controls_and_excluded_non_derived_mechanisms/042_CTRL001__symmetric_null_steering_control	derivation/supplement/sections/01_primitive_provenance_and_response_coupled_growth/06_controls_and_excluded_non_derived_mechanisms/042_CTRL001__symmetric_null_steering_control	derivation/registry/dag/NODES.tsv
1.6.3	2	NODE_SECTION	Null-control edge-indistinguishability theorem/test	043	CTRL002	043	CTRL002	1	43	43	derivation/paper/main/sections/01_primitive_provenance_and_response_coupled_growth/06_controls_and_excluded_non_derived_mechanisms/043_CTRL002__null_control_edge_indistinguishability_theorem_test	derivation/supplement/sections/01_primitive_provenance_and_response_coupled_growth/06_controls_and_excluded_non_derived_mechanisms/043_CTRL002__null_control_edge_indistinguishability_theorem_test	derivation/registry/dag/NODES.tsv
1.6.4	2	NODE_SECTION	Log response-mode robustness control	044	CTRL003	044	CTRL003	1	44	44	derivation/paper/main/sections/01_primitive_provenance_and_response_coupled_growth/06_controls_and_excluded_non_derived_mechanisms/044_CTRL003__log_response_mode_robustness_control	derivation/supplement/sections/01_primitive_provenance_and_response_coupled_growth/06_controls_and_excluded_non_derived_mechanisms/044_CTRL003__log_response_mode_robustness_control	derivation/registry/dag/NODES.tsv
1.6.5	2	NODE_SECTION	Saturating response-mode robustness control	045	CTRL004	045	CTRL004	1	45	45	derivation/paper/main/sections/01_primitive_provenance_and_response_coupled_growth/06_controls_and_excluded_non_derived_mechanisms/045_CTRL004__saturating_response_mode_robustness_control	derivation/supplement/sections/01_primitive_provenance_and_response_coupled_growth/06_controls_and_excluded_non_derived_mechanisms/045_CTRL004__saturating_response_mode_robustness_control	derivation/registry/dag/NODES.tsv
2	0	ROOT_SECTION	Cut-relative complement elimination and effective response	046	C020	056	P011	11	46	56	derivation/paper/main/sections/02_cut_relative_complement_elimination_and_effective_response	derivation/supplement/sections/02_cut_relative_complement_elimination_and_effective_response	derivation/registry/dag/NODES.tsv
2.1	1	SECTION_GROUP	General cuts, complement elimination and naturality	046	C020	052	C022	7	46	52	derivation/paper/main/sections/02_cut_relative_complement_elimination_and_effective_response/01_general_cuts_complement_elimination_and_naturality	derivation/supplement/sections/02_cut_relative_complement_elimination_and_effective_response/01_general_cuts_complement_elimination_and_naturality	derivation/registry/dag/NODES.tsv
2.1.1	2	NODE_SECTION	General admissible boundary/interior cut family	046	C020	047	P007	2	46	47	derivation/paper/main/sections/02_cut_relative_complement_elimination_and_effective_response/01_general_cuts_complement_elimination_and_naturality/046_C020__general_admissible_boundary_interior_cut_family	derivation/supplement/sections/02_cut_relative_complement_elimination_and_effective_response/01_general_cuts_complement_elimination_and_naturality/046_C020__general_admissible_boundary_interior_cut_family	derivation/registry/dag/NODES.tsv
2.1.1.1	3	PROOF_NODE_SECTION	General admissible-cut partition and canonicity	047	P007	047	P007	1	47	47	derivation/paper/main/sections/02_cut_relative_complement_elimination_and_effective_response/01_general_cuts_complement_elimination_and_naturality/046_C020__general_admissible_boundary_interior_cut_family/047_P007__general_admissible_cut_partition_and_canonicity	derivation/supplement/sections/02_cut_relative_complement_elimination_and_effective_response/01_general_cuts_complement_elimination_and_naturality/046_C020__general_admissible_boundary_interior_cut_family/047_P007__general_admissible_cut_partition_and_canonicity	derivation/registry/dag/NODES.tsv
2.1.2	2	NODE_SECTION	General directed Schur/DtN response	048	C021	051	P010	4	48	51	derivation/paper/main/sections/02_cut_relative_complement_elimination_and_effective_response/01_general_cuts_complement_elimination_and_naturality/048_C021__general_directed_schur_dtn_response	derivation/supplement/sections/02_cut_relative_complement_elimination_and_effective_response/01_general_cuts_complement_elimination_and_naturality/048_C021__general_directed_schur_dtn_response	derivation/registry/dag/NODES.tsv
2.1.2.1	3	PROOF_NODE_SECTION	General interior-solve existence and uniqueness	049	P008	049	P008	1	49	49	derivation/paper/main/sections/02_cut_relative_complement_elimination_and_effective_response/01_general_cuts_complement_elimination_and_naturality/048_C021__general_directed_schur_dtn_response/049_P008__general_interior_solve_existence_and_uniqueness	derivation/supplement/sections/02_cut_relative_complement_elimination_and_effective_response/01_general_cuts_complement_elimination_and_naturality/048_C021__general_directed_schur_dtn_response/049_P008__general_interior_solve_existence_and_uniqueness	derivation/registry/dag/NODES.tsv
2.1.2.2	3	PROOF_NODE_SECTION	General Schur/DtN response well-definedness	050	P009	050	P009	1	50	50	derivation/paper/main/sections/02_cut_relative_complement_elimination_and_effective_response/01_general_cuts_complement_elimination_and_naturality/048_C021__general_directed_schur_dtn_response/050_P009__general_schur_dtn_response_well_definedness	derivation/supplement/sections/02_cut_relative_complement_elimination_and_effective_response/01_general_cuts_complement_elimination_and_naturality/048_C021__general_directed_schur_dtn_response/050_P009__general_schur_dtn_response_well_definedness	derivation/registry/dag/NODES.tsv
2.1.2.3	3	PROOF_NODE_SECTION	Directed Kron structural and positivity preservation	051	P010	051	P010	1	51	51	derivation/paper/main/sections/02_cut_relative_complement_elimination_and_effective_response/01_general_cuts_complement_elimination_and_naturality/048_C021__general_directed_schur_dtn_response/051_P010__directed_kron_structural_and_positivity_preservation	derivation/supplement/sections/02_cut_relative_complement_elimination_and_effective_response/01_general_cuts_complement_elimination_and_naturality/048_C021__general_directed_schur_dtn_response/051_P010__directed_kron_structural_and_positivity_preservation	derivation/registry/dag/NODES.tsv
2.1.3	2	NODE_SECTION	Schur nesting/common-ambient naturality	052	C022	052	C022	1	52	52	derivation/paper/main/sections/02_cut_relative_complement_elimination_and_effective_response/01_general_cuts_complement_elimination_and_naturality/052_C022__schur_nesting_common_ambient_naturality	derivation/supplement/sections/02_cut_relative_complement_elimination_and_effective_response/01_general_cuts_complement_elimination_and_naturality/052_C022__schur_nesting_common_ambient_naturality	derivation/registry/dag/NODES.tsv
2.2	1	SECTION_GROUP	Record/live response split and backreaction	053	C023	054	C024	2	53	54	derivation/paper/main/sections/02_cut_relative_complement_elimination_and_effective_response/02_record_live_response_split_and_backreaction	derivation/supplement/sections/02_cut_relative_complement_elimination_and_effective_response/02_record_live_response_split_and_backreaction	derivation/registry/dag/NODES.tsv
2.2.1	2	NODE_SECTION	Symmetric/skew response split S,A	053	C023	053	C023	1	53	53	derivation/paper/main/sections/02_cut_relative_complement_elimination_and_effective_response/02_record_live_response_split_and_backreaction/053_C023__symmetric_skew_response_split_s_a	derivation/supplement/sections/02_cut_relative_complement_elimination_and_effective_response/02_record_live_response_split_and_backreaction/053_C023__symmetric_skew_response_split_s_a	derivation/registry/dag/NODES.tsv
2.2.2	2	NODE_SECTION	Backreaction current B=A_live−A_record	054	C024	054	C024	1	54	54	derivation/paper/main/sections/02_cut_relative_complement_elimination_and_effective_response/02_record_live_response_split_and_backreaction/054_C024__backreaction_current_b_a_live_a_record	derivation/supplement/sections/02_cut_relative_complement_elimination_and_effective_response/02_record_live_response_split_and_backreaction/054_C024__backreaction_current_b_a_live_a_record	derivation/registry/dag/NODES.tsv
2.3	1	SECTION_GROUP	Regional effective-response carrier	055	C025	056	P011	2	55	56	derivation/paper/main/sections/02_cut_relative_complement_elimination_and_effective_response/03_regional_effective_response_carrier	derivation/supplement/sections/02_cut_relative_complement_elimination_and_effective_response/03_regional_effective_response_carrier	derivation/registry/dag/NODES.tsv
2.3.1	2	NODE_SECTION	Canonical regional response carrier	055	C025	056	P011	2	55	56	derivation/paper/main/sections/02_cut_relative_complement_elimination_and_effective_response/03_regional_effective_response_carrier/055_C025__canonical_regional_response_carrier	derivation/supplement/sections/02_cut_relative_complement_elimination_and_effective_response/03_regional_effective_response_carrier/055_C025__canonical_regional_response_carrier	derivation/registry/dag/NODES.tsv
2.3.1.1	3	PROOF_NODE_SECTION	Regional response restriction canonicity and functoriality	056	P011	056	P011	1	56	56	derivation/paper/main/sections/02_cut_relative_complement_elimination_and_effective_response/03_regional_effective_response_carrier/055_C025__canonical_regional_response_carrier/056_P011__regional_response_restriction_canonicity_and_functoriality	derivation/supplement/sections/02_cut_relative_complement_elimination_and_effective_response/03_regional_effective_response_carrier/055_C025__canonical_regional_response_carrier/056_P011__regional_response_restriction_canonicity_and_functoriality	derivation/registry/dag/NODES.tsv
3	0	ROOT_SECTION	Directed effective response algebra	057	M030	066	O048	10	57	66	derivation/paper/main/sections/03_directed_effective_response_algebra	derivation/supplement/sections/03_directed_effective_response_algebra	derivation/registry/dag/NODES.tsv
3.1	1	SECTION_GROUP	Canonical effective role plane	057	M030	059	P013	3	57	59	derivation/paper/main/sections/03_directed_effective_response_algebra/01_canonical_effective_role_plane	derivation/supplement/sections/03_directed_effective_response_algebra/01_canonical_effective_role_plane	derivation/registry/dag/NODES.tsv
3.1.1	2	NODE_SECTION	Canonical effective F1/F2 role functor	057	M030	059	P013	3	57	59	derivation/paper/main/sections/03_directed_effective_response_algebra/01_canonical_effective_role_plane/057_M030__canonical_effective_f1_f2_role_functor	derivation/supplement/sections/03_directed_effective_response_algebra/01_canonical_effective_role_plane/057_M030__canonical_effective_f1_f2_role_functor	derivation/registry/dag/NODES.tsv
3.1.1.1	3	PROOF_NODE_SECTION	Effective role-plane rank and nondegeneracy	058	P012	058	P012	1	58	58	derivation/paper/main/sections/03_directed_effective_response_algebra/01_canonical_effective_role_plane/057_M030__canonical_effective_f1_f2_role_functor/058_P012__effective_role_plane_rank_and_nondegeneracy	derivation/supplement/sections/03_directed_effective_response_algebra/01_canonical_effective_role_plane/057_M030__canonical_effective_f1_f2_role_functor/058_P012__effective_role_plane_rank_and_nondegeneracy	derivation/registry/dag/NODES.tsv
3.1.1.2	3	PROOF_NODE_SECTION	Role-functor naturality, equivariance, and uniqueness	059	P013	059	P013	1	59	59	derivation/paper/main/sections/03_directed_effective_response_algebra/01_canonical_effective_role_plane/057_M030__canonical_effective_f1_f2_role_functor/059_P013__role_functor_naturality_equivariance_and_uniqueness	derivation/supplement/sections/03_directed_effective_response_algebra/01_canonical_effective_role_plane/057_M030__canonical_effective_f1_f2_role_functor/059_P013__role_functor_naturality_equivariance_and_uniqueness	derivation/registry/dag/NODES.tsv
3.2	1	SECTION_GROUP	Local operator and effect-support carrier	060	C032	061	P014	2	60	61	derivation/paper/main/sections/03_directed_effective_response_algebra/02_local_operator_and_effect_support_carrier	derivation/supplement/sections/03_directed_effective_response_algebra/02_local_operator_and_effect_support_carrier	derivation/registry/dag/NODES.tsv
3.2.1	2	NODE_SECTION	Canonical local operator-support carrier	060	C032	061	P014	2	60	61	derivation/paper/main/sections/03_directed_effective_response_algebra/02_local_operator_and_effect_support_carrier/060_C032__canonical_local_operator_support_carrier	derivation/supplement/sections/03_directed_effective_response_algebra/02_local_operator_and_effect_support_carrier/060_C032__canonical_local_operator_support_carrier	derivation/registry/dag/NODES.tsv
3.2.1.1	3	PROOF_NODE_SECTION	Local support carrier and projector coherence	061	P014	061	P014	1	61	61	derivation/paper/main/sections/03_directed_effective_response_algebra/02_local_operator_and_effect_support_carrier/060_C032__canonical_local_operator_support_carrier/061_P014__local_support_carrier_and_projector_coherence	derivation/supplement/sections/03_directed_effective_response_algebra/02_local_operator_and_effect_support_carrier/060_C032__canonical_local_operator_support_carrier/061_P014__local_support_carrier_and_projector_coherence	derivation/registry/dag/NODES.tsv
3.3	1	SECTION_GROUP	Response-generated algebraic closure	062	C033	063	P015	2	62	63	derivation/paper/main/sections/03_directed_effective_response_algebra/03_response_generated_algebraic_closure	derivation/supplement/sections/03_directed_effective_response_algebra/03_response_generated_algebraic_closure	derivation/registry/dag/NODES.tsv
3.3.1	2	NODE_SECTION	Response-generated finite algebraic closure	062	C033	063	P015	2	62	63	derivation/paper/main/sections/03_directed_effective_response_algebra/03_response_generated_algebraic_closure/062_C033__response_generated_finite_algebraic_closure	derivation/supplement/sections/03_directed_effective_response_algebra/03_response_generated_algebraic_closure/062_C033__response_generated_finite_algebraic_closure	derivation/registry/dag/NODES.tsv
3.3.1.1	3	PROOF_NODE_SECTION	Finite response-algebra closure and exact stabilization	063	P015	063	P015	1	63	63	derivation/paper/main/sections/03_directed_effective_response_algebra/03_response_generated_algebraic_closure/062_C033__response_generated_finite_algebraic_closure/063_P015__finite_response_algebra_closure_and_exact_stabilization	derivation/supplement/sections/03_directed_effective_response_algebra/03_response_generated_algebraic_closure/062_C033__response_generated_finite_algebraic_closure/063_P015__finite_response_algebra_closure_and_exact_stabilization	derivation/registry/dag/NODES.tsv
3.4	1	SECTION_GROUP	Intrinsic directed response algebra	064	M031	065	P016	2	64	65	derivation/paper/main/sections/03_directed_effective_response_algebra/04_intrinsic_directed_response_algebra	derivation/supplement/sections/03_directed_effective_response_algebra/04_intrinsic_directed_response_algebra	derivation/registry/dag/NODES.tsv
3.4.1	2	NODE_SECTION	Intrinsic directed response algebra	064	M031	065	P016	2	64	65	derivation/paper/main/sections/03_directed_effective_response_algebra/04_intrinsic_directed_response_algebra/064_M031__intrinsic_directed_response_algebra	derivation/supplement/sections/03_directed_effective_response_algebra/04_intrinsic_directed_response_algebra/064_M031__intrinsic_directed_response_algebra	derivation/registry/dag/NODES.tsv
3.4.1.1	3	PROOF_NODE_SECTION	Intrinsic generator independence and canonical algebra equivalence	065	P016	065	P016	1	65	65	derivation/paper/main/sections/03_directed_effective_response_algebra/04_intrinsic_directed_response_algebra/064_M031__intrinsic_directed_response_algebra/065_P016__intrinsic_generator_independence_and_canonical_algebra_equivalence	derivation/supplement/sections/03_directed_effective_response_algebra/04_intrinsic_directed_response_algebra/064_M031__intrinsic_directed_response_algebra/065_P016__intrinsic_generator_independence_and_canonical_algebra_equivalence	derivation/registry/dag/NODES.tsv
3.5	1	SECTION_GROUP	Finite algebraic obstruction boundary	066	O048	066	O048	1	66	66	derivation/paper/main/sections/03_directed_effective_response_algebra/05_finite_algebraic_obstruction_boundary	derivation/supplement/sections/03_directed_effective_response_algebra/05_finite_algebraic_obstruction_boundary	derivation/registry/dag/NODES.tsv
3.5.1	2	NODE_SECTION	Finite cyclicity dimension/rank obstruction	066	O048	066	O048	1	66	66	derivation/paper/main/sections/03_directed_effective_response_algebra/05_finite_algebraic_obstruction_boundary/066_O048__finite_cyclicity_dimension_rank_obstruction	derivation/supplement/sections/03_directed_effective_response_algebra/05_finite_algebraic_obstruction_boundary/066_O048__finite_cyclicity_dimension_rank_obstruction	derivation/registry/dag/NODES.tsv
4	0	ROOT_SECTION	Projective refinement and nested open channels	067	C040	085	O049	19	67	85	derivation/paper/main/sections/04_projective_refinement_and_nested_open_channels	derivation/supplement/sections/04_projective_refinement_and_nested_open_channels	derivation/registry/dag/NODES.tsv
4.1	1	SECTION_GROUP	Exact Cauchy carrier and factorization	067	C040	070	C041	4	67	70	derivation/paper/main/sections/04_projective_refinement_and_nested_open_channels/01_exact_cauchy_carrier_and_factorization	derivation/supplement/sections/04_projective_refinement_and_nested_open_channels/01_exact_cauchy_carrier_and_factorization	derivation/registry/dag/NODES.tsv
4.1.1	2	NODE_SECTION	Inverse-depth Cauchy/Hilbert ancestor carrier H	067	C040	069	P018	3	67	69	derivation/paper/main/sections/04_projective_refinement_and_nested_open_channels/01_exact_cauchy_carrier_and_factorization/067_C040__inverse_depth_cauchy_hilbert_ancestor_carrier_h	derivation/supplement/sections/04_projective_refinement_and_nested_open_channels/01_exact_cauchy_carrier_and_factorization/067_C040__inverse_depth_cauchy_hilbert_ancestor_carrier_h	derivation/registry/dag/NODES.tsv
4.1.1.1	3	PROOF_NODE_SECTION	Exact inverse-depth Cauchy/Hilbert identification	068	P017	068	P017	1	68	68	derivation/paper/main/sections/04_projective_refinement_and_nested_open_channels/01_exact_cauchy_carrier_and_factorization/067_C040__inverse_depth_cauchy_hilbert_ancestor_carrier_h/068_P017__exact_inverse_depth_cauchy_hilbert_identification	derivation/supplement/sections/04_projective_refinement_and_nested_open_channels/01_exact_cauchy_carrier_and_factorization/067_C040__inverse_depth_cauchy_hilbert_ancestor_carrier_h/068_P017__exact_inverse_depth_cauchy_hilbert_identification	derivation/registry/dag/NODES.tsv
4.1.1.2	3	PROOF_NODE_SECTION	Cauchy determinant, nondegeneracy, and rank	069	P018	069	P018	1	69	69	derivation/paper/main/sections/04_projective_refinement_and_nested_open_channels/01_exact_cauchy_carrier_and_factorization/067_C040__inverse_depth_cauchy_hilbert_ancestor_carrier_h/069_P018__cauchy_determinant_nondegeneracy_and_rank	derivation/supplement/sections/04_projective_refinement_and_nested_open_channels/01_exact_cauchy_carrier_and_factorization/067_C040__inverse_depth_cauchy_hilbert_ancestor_carrier_h/069_P018__cauchy_determinant_nondegeneracy_and_rank	derivation/registry/dag/NODES.tsv
4.1.2	2	NODE_SECTION	Exact pre/post-Schur factorization M=A_eff H	070	C041	070	C041	1	70	70	derivation/paper/main/sections/04_projective_refinement_and_nested_open_channels/01_exact_cauchy_carrier_and_factorization/070_C041__exact_pre_post_schur_factorization_m_a_eff_h	derivation/supplement/sections/04_projective_refinement_and_nested_open_channels/01_exact_cauchy_carrier_and_factorization/070_C041__exact_pre_post_schur_factorization_m_a_eff_h	derivation/registry/dag/NODES.tsv
4.2	1	SECTION_GROUP	Canonical-schedule rank closure	071	C042	072	CTRL005	2	71	72	derivation/paper/main/sections/04_projective_refinement_and_nested_open_channels/02_canonical_schedule_rank_closure	derivation/supplement/sections/04_projective_refinement_and_nested_open_channels/02_canonical_schedule_rank_closure	derivation/registry/dag/NODES.tsv
4.2.1	2	NODE_SECTION	Canonical-schedule ancestor-return rank closure	071	C042	071	C042	1	71	71	derivation/paper/main/sections/04_projective_refinement_and_nested_open_channels/02_canonical_schedule_rank_closure/071_C042__canonical_schedule_ancestor_return_rank_closure	derivation/supplement/sections/04_projective_refinement_and_nested_open_channels/02_canonical_schedule_rank_closure/071_C042__canonical_schedule_ancestor_return_rank_closure	derivation/registry/dag/NODES.tsv
4.2.2	2	NODE_SECTION	Layer-batch schedule robustness control	072	CTRL005	072	CTRL005	1	72	72	derivation/paper/main/sections/04_projective_refinement_and_nested_open_channels/02_canonical_schedule_rank_closure/072_CTRL005__layer_batch_schedule_robustness_control	derivation/supplement/sections/04_projective_refinement_and_nested_open_channels/02_canonical_schedule_rank_closure/072_CTRL005__layer_batch_schedule_robustness_control	derivation/registry/dag/NODES.tsv
4.3	1	SECTION_GROUP	Projective carriers and nested open channels	073	C044	080	P022	8	73	80	derivation/paper/main/sections/04_projective_refinement_and_nested_open_channels/03_projective_carriers_and_nested_open_channels	derivation/supplement/sections/04_projective_refinement_and_nested_open_channels/03_projective_carriers_and_nested_open_channels	derivation/registry/dag/NODES.tsv
4.3.1	2	NODE_SECTION	Canonical finite prefix/projective carrier maps	073	C044	074	P019	2	73	74	derivation/paper/main/sections/04_projective_refinement_and_nested_open_channels/03_projective_carriers_and_nested_open_channels/073_C044__canonical_finite_prefix_projective_carrier_maps	derivation/supplement/sections/04_projective_refinement_and_nested_open_channels/03_projective_carriers_and_nested_open_channels/073_C044__canonical_finite_prefix_projective_carrier_maps	derivation/registry/dag/NODES.tsv
4.3.1.1	3	PROOF_NODE_SECTION	Finite prefix-map typing, composition, and projective coherence	074	P019	074	P019	1	74	74	derivation/paper/main/sections/04_projective_refinement_and_nested_open_channels/03_projective_carriers_and_nested_open_channels/073_C044__canonical_finite_prefix_projective_carrier_maps/074_P019__finite_prefix_map_typing_composition_and_projective_coherence	derivation/supplement/sections/04_projective_refinement_and_nested_open_channels/03_projective_carriers_and_nested_open_channels/073_C044__canonical_finite_prefix_projective_carrier_maps/074_P019__finite_prefix_map_typing_composition_and_projective_coherence	derivation/registry/dag/NODES.tsv
4.3.2	2	NODE_SECTION	Nested common-ambient multiscale transport	075	C045	076	P020	2	75	76	derivation/paper/main/sections/04_projective_refinement_and_nested_open_channels/03_projective_carriers_and_nested_open_channels/075_C045__nested_common_ambient_multiscale_transport	derivation/supplement/sections/04_projective_refinement_and_nested_open_channels/03_projective_carriers_and_nested_open_channels/075_C045__nested_common_ambient_multiscale_transport	derivation/registry/dag/NODES.tsv
4.3.2.1	3	PROOF_NODE_SECTION	Common-ambient embedding and transport identities	076	P020	076	P020	1	76	76	derivation/paper/main/sections/04_projective_refinement_and_nested_open_channels/03_projective_carriers_and_nested_open_channels/075_C045__nested_common_ambient_multiscale_transport/076_P020__common_ambient_embedding_and_transport_identities	derivation/supplement/sections/04_projective_refinement_and_nested_open_channels/03_projective_carriers_and_nested_open_channels/075_C045__nested_common_ambient_multiscale_transport/076_P020__common_ambient_embedding_and_transport_identities	derivation/registry/dag/NODES.tsv
4.3.3	2	NODE_SECTION	Nested channel refinement	077	C047	078	P021	2	77	78	derivation/paper/main/sections/04_projective_refinement_and_nested_open_channels/03_projective_carriers_and_nested_open_channels/077_C047__nested_channel_refinement	derivation/supplement/sections/04_projective_refinement_and_nested_open_channels/03_projective_carriers_and_nested_open_channels/077_C047__nested_channel_refinement	derivation/registry/dag/NODES.tsv
4.3.3.1	3	PROOF_NODE_SECTION	Nested refinement-map well-definedness and compatibility	078	P021	078	P021	1	78	78	derivation/paper/main/sections/04_projective_refinement_and_nested_open_channels/03_projective_carriers_and_nested_open_channels/077_C047__nested_channel_refinement/078_P021__nested_refinement_map_well_definedness_and_compatibility	derivation/supplement/sections/04_projective_refinement_and_nested_open_channels/03_projective_carriers_and_nested_open_channels/077_C047__nested_channel_refinement/078_P021__nested_refinement_map_well_definedness_and_compatibility	derivation/registry/dag/NODES.tsv
4.3.4	2	NODE_SECTION	Forward channel structure	079	C046	080	P022	2	79	80	derivation/paper/main/sections/04_projective_refinement_and_nested_open_channels/03_projective_carriers_and_nested_open_channels/079_C046__forward_channel_structure	derivation/supplement/sections/04_projective_refinement_and_nested_open_channels/03_projective_carriers_and_nested_open_channels/079_C046__forward_channel_structure	derivation/registry/dag/NODES.tsv
4.3.4.1	3	PROOF_NODE_SECTION	Forward-channel well-definedness and structural identities	080	P022	080	P022	1	80	80	derivation/paper/main/sections/04_projective_refinement_and_nested_open_channels/03_projective_carriers_and_nested_open_channels/079_C046__forward_channel_structure/080_P022__forward_channel_well_definedness_and_structural_identities	derivation/supplement/sections/04_projective_refinement_and_nested_open_channels/03_projective_carriers_and_nested_open_channels/079_C046__forward_channel_structure/080_P022__forward_channel_well_definedness_and_structural_identities	derivation/registry/dag/NODES.tsv
4.4	1	SECTION_GROUP	Refinement, cocycle and live reconstruction	081	C043	084	P025	4	81	84	derivation/paper/main/sections/04_projective_refinement_and_nested_open_channels/04_refinement_cocycle_and_live_reconstruction	derivation/supplement/sections/04_projective_refinement_and_nested_open_channels/04_refinement_cocycle_and_live_reconstruction	derivation/registry/dag/NODES.tsv
4.4.1	2	NODE_SECTION	Refinement/cocycle/live reconstruction	081	C043	084	P025	4	81	84	derivation/paper/main/sections/04_projective_refinement_and_nested_open_channels/04_refinement_cocycle_and_live_reconstruction/081_C043__refinement_cocycle_live_reconstruction	derivation/supplement/sections/04_projective_refinement_and_nested_open_channels/04_refinement_cocycle_and_live_reconstruction/081_C043__refinement_cocycle_live_reconstruction	derivation/registry/dag/NODES.tsv
4.4.1.1	3	PROOF_NODE_SECTION	Refinement cocycle law	082	P023	082	P023	1	82	82	derivation/paper/main/sections/04_projective_refinement_and_nested_open_channels/04_refinement_cocycle_and_live_reconstruction/081_C043__refinement_cocycle_live_reconstruction/082_P023__refinement_cocycle_law	derivation/supplement/sections/04_projective_refinement_and_nested_open_channels/04_refinement_cocycle_and_live_reconstruction/081_C043__refinement_cocycle_live_reconstruction/082_P023__refinement_cocycle_law	derivation/registry/dag/NODES.tsv
4.4.1.2	3	PROOF_NODE_SECTION	Future invariance of retained finite blocks	083	P024	083	P024	1	83	83	derivation/paper/main/sections/04_projective_refinement_and_nested_open_channels/04_refinement_cocycle_and_live_reconstruction/081_C043__refinement_cocycle_live_reconstruction/083_P024__future_invariance_of_retained_finite_blocks	derivation/supplement/sections/04_projective_refinement_and_nested_open_channels/04_refinement_cocycle_and_live_reconstruction/081_C043__refinement_cocycle_live_reconstruction/083_P024__future_invariance_of_retained_finite_blocks	derivation/registry/dag/NODES.tsv
4.4.1.3	3	PROOF_NODE_SECTION	Live-directed reconstruction from record and cocycle data	084	P025	084	P025	1	84	84	derivation/paper/main/sections/04_projective_refinement_and_nested_open_channels/04_refinement_cocycle_and_live_reconstruction/081_C043__refinement_cocycle_live_reconstruction/084_P025__live_directed_reconstruction_from_record_and_cocycle_data	derivation/supplement/sections/04_projective_refinement_and_nested_open_channels/04_refinement_cocycle_and_live_reconstruction/081_C043__refinement_cocycle_live_reconstruction/084_P025__live_directed_reconstruction_from_record_and_cocycle_data	derivation/registry/dag/NODES.tsv
4.5	1	SECTION_GROUP	Projection-completion obstruction boundary	085	O049	085	O049	1	85	85	derivation/paper/main/sections/04_projective_refinement_and_nested_open_channels/05_projection_completion_obstruction_boundary	derivation/supplement/sections/04_projective_refinement_and_nested_open_channels/05_projection_completion_obstruction_boundary	derivation/registry/dag/NODES.tsv
4.5.1	2	NODE_SECTION	Projection/completion naturality obstruction	085	O049	085	O049	1	85	85	derivation/paper/main/sections/04_projective_refinement_and_nested_open_channels/05_projection_completion_obstruction_boundary/085_O049__projection_completion_naturality_obstruction	derivation/supplement/sections/04_projective_refinement_and_nested_open_channels/05_projection_completion_obstruction_boundary/085_O049__projection_completion_naturality_obstruction	derivation/registry/dag/NODES.tsv
5	0	ROOT_SECTION	Presymplectic completion, Weyl system and quasifree state	086	C050	105	P037	20	86	105	derivation/paper/main/sections/05_presymplectic_completion_weyl_system_and_quasifree_state	derivation/supplement/sections/05_presymplectic_completion_weyl_system_and_quasifree_state	derivation/registry/dag/NODES.tsv
5.1	1	SECTION_GROUP	Raw presymplectic carrier and Weyl system	086	C050	089	P027	4	86	89	derivation/paper/main/sections/05_presymplectic_completion_weyl_system_and_quasifree_state/01_raw_presymplectic_carrier_and_weyl_system	derivation/supplement/sections/05_presymplectic_completion_weyl_system_and_quasifree_state/01_raw_presymplectic_carrier_and_weyl_system	derivation/registry/dag/NODES.tsv
5.1.1	2	NODE_SECTION	Finite-support raw presymplectic carrier (V_fin,σ_raw)	086	C050	087	P026	2	86	87	derivation/paper/main/sections/05_presymplectic_completion_weyl_system_and_quasifree_state/01_raw_presymplectic_carrier_and_weyl_system/086_C050__finite_support_raw_presymplectic_carrier_v_fin_raw	derivation/supplement/sections/05_presymplectic_completion_weyl_system_and_quasifree_state/01_raw_presymplectic_carrier_and_weyl_system/086_C050__finite_support_raw_presymplectic_carrier_v_fin_raw	derivation/registry/dag/NODES.tsv
5.1.1.1	3	PROOF_NODE_SECTION	Raw presymplectic well-definedness and future invariance	087	P026	087	P026	1	87	87	derivation/paper/main/sections/05_presymplectic_completion_weyl_system_and_quasifree_state/01_raw_presymplectic_carrier_and_weyl_system/086_C050__finite_support_raw_presymplectic_carrier_v_fin_raw/087_P026__raw_presymplectic_well_definedness_and_future_invariance	derivation/supplement/sections/05_presymplectic_completion_weyl_system_and_quasifree_state/01_raw_presymplectic_carrier_and_weyl_system/086_C050__finite_support_raw_presymplectic_carrier_v_fin_raw/087_P026__raw_presymplectic_well_definedness_and_future_invariance	derivation/registry/dag/NODES.tsv
5.1.2	2	NODE_SECTION	Algebraic Weyl direct system	088	C051	089	P027	2	88	89	derivation/paper/main/sections/05_presymplectic_completion_weyl_system_and_quasifree_state/01_raw_presymplectic_carrier_and_weyl_system/088_C051__algebraic_weyl_direct_system	derivation/supplement/sections/05_presymplectic_completion_weyl_system_and_quasifree_state/01_raw_presymplectic_carrier_and_weyl_system/088_C051__algebraic_weyl_direct_system	derivation/registry/dag/NODES.tsv
5.1.2.1	3	PROOF_NODE_SECTION	Algebraic Weyl direct-system coherence	089	P027	089	P027	1	89	89	derivation/paper/main/sections/05_presymplectic_completion_weyl_system_and_quasifree_state/01_raw_presymplectic_carrier_and_weyl_system/088_C051__algebraic_weyl_direct_system/089_P027__algebraic_weyl_direct_system_coherence	derivation/supplement/sections/05_presymplectic_completion_weyl_system_and_quasifree_state/01_raw_presymplectic_carrier_and_weyl_system/088_C051__algebraic_weyl_direct_system/089_P027__algebraic_weyl_direct_system_coherence	derivation/registry/dag/NODES.tsv
5.2	1	SECTION_GROUP	Provenance Hilbert metric and normalized skew	090	M050	098	P033	9	90	98	derivation/paper/main/sections/05_presymplectic_completion_weyl_system_and_quasifree_state/02_provenance_hilbert_metric_and_normalized_skew	derivation/supplement/sections/05_presymplectic_completion_weyl_system_and_quasifree_state/02_provenance_hilbert_metric_and_normalized_skew	derivation/registry/dag/NODES.tsv
5.2.1	2	NODE_SECTION	Derived provenance Hilbert metric G	090	M050	092	P029	3	90	92	derivation/paper/main/sections/05_presymplectic_completion_weyl_system_and_quasifree_state/02_provenance_hilbert_metric_and_normalized_skew/090_M050__derived_provenance_hilbert_metric_g	derivation/supplement/sections/05_presymplectic_completion_weyl_system_and_quasifree_state/02_provenance_hilbert_metric_and_normalized_skew/090_M050__derived_provenance_hilbert_metric_g	derivation/registry/dag/NODES.tsv
5.2.1.1	3	PROOF_NODE_SECTION	Provenance metric existence and cylinder consistency	091	P028	091	P028	1	91	91	derivation/paper/main/sections/05_presymplectic_completion_weyl_system_and_quasifree_state/02_provenance_hilbert_metric_and_normalized_skew/090_M050__derived_provenance_hilbert_metric_g/091_P028__provenance_metric_existence_and_cylinder_consistency	derivation/supplement/sections/05_presymplectic_completion_weyl_system_and_quasifree_state/02_provenance_hilbert_metric_and_normalized_skew/090_M050__derived_provenance_hilbert_metric_g/091_P028__provenance_metric_existence_and_cylinder_consistency	derivation/registry/dag/NODES.tsv
5.2.1.2	3	PROOF_NODE_SECTION	Provenance metric positivity and uniqueness up to normalization	092	P029	092	P029	1	92	92	derivation/paper/main/sections/05_presymplectic_completion_weyl_system_and_quasifree_state/02_provenance_hilbert_metric_and_normalized_skew/090_M050__derived_provenance_hilbert_metric_g/092_P029__provenance_metric_positivity_and_uniqueness_up_to_normalization	derivation/supplement/sections/05_presymplectic_completion_weyl_system_and_quasifree_state/02_provenance_hilbert_metric_and_normalized_skew/090_M050__derived_provenance_hilbert_metric_g/092_P029__provenance_metric_positivity_and_uniqueness_up_to_normalization	derivation/registry/dag/NODES.tsv
5.2.2	2	NODE_SECTION	Hilbert-Schmidt normalized skew operator K	093	C052	095	P031	3	93	95	derivation/paper/main/sections/05_presymplectic_completion_weyl_system_and_quasifree_state/02_provenance_hilbert_metric_and_normalized_skew/093_C052__hilbert_schmidt_normalized_skew_operator_k	derivation/supplement/sections/05_presymplectic_completion_weyl_system_and_quasifree_state/02_provenance_hilbert_metric_and_normalized_skew/093_C052__hilbert_schmidt_normalized_skew_operator_k	derivation/registry/dag/NODES.tsv
5.2.2.1	3	PROOF_NODE_SECTION	Normalized skew operator boundedness and skew-adjointness	094	P030	094	P030	1	94	94	derivation/paper/main/sections/05_presymplectic_completion_weyl_system_and_quasifree_state/02_provenance_hilbert_metric_and_normalized_skew/093_C052__hilbert_schmidt_normalized_skew_operator_k/094_P030__normalized_skew_operator_boundedness_and_skew_adjointness	derivation/supplement/sections/05_presymplectic_completion_weyl_system_and_quasifree_state/02_provenance_hilbert_metric_and_normalized_skew/093_C052__hilbert_schmidt_normalized_skew_operator_k/094_P030__normalized_skew_operator_boundedness_and_skew_adjointness	derivation/registry/dag/NODES.tsv
5.2.2.2	3	PROOF_NODE_SECTION	Hilbert-Schmidt edge majorant and tail	095	P031	095	P031	1	95	95	derivation/paper/main/sections/05_presymplectic_completion_weyl_system_and_quasifree_state/02_provenance_hilbert_metric_and_normalized_skew/093_C052__hilbert_schmidt_normalized_skew_operator_k/095_P031__hilbert_schmidt_edge_majorant_and_tail	derivation/supplement/sections/05_presymplectic_completion_weyl_system_and_quasifree_state/02_provenance_hilbert_metric_and_normalized_skew/093_C052__hilbert_schmidt_normalized_skew_operator_k/095_P031__hilbert_schmidt_edge_majorant_and_tail	derivation/registry/dag/NODES.tsv
5.2.3	2	NODE_SECTION	Algebraic radical triviality and infinite rank	096	C054	098	P033	3	96	98	derivation/paper/main/sections/05_presymplectic_completion_weyl_system_and_quasifree_state/02_provenance_hilbert_metric_and_normalized_skew/096_C054__algebraic_radical_triviality_and_infinite_rank	derivation/supplement/sections/05_presymplectic_completion_weyl_system_and_quasifree_state/02_provenance_hilbert_metric_and_normalized_skew/096_C054__algebraic_radical_triviality_and_infinite_rank	derivation/registry/dag/NODES.tsv
5.2.3.1	3	PROOF_NODE_SECTION	Algebraic radical triviality	097	P032	097	P032	1	97	97	derivation/paper/main/sections/05_presymplectic_completion_weyl_system_and_quasifree_state/02_provenance_hilbert_metric_and_normalized_skew/096_C054__algebraic_radical_triviality_and_infinite_rank/097_P032__algebraic_radical_triviality	derivation/supplement/sections/05_presymplectic_completion_weyl_system_and_quasifree_state/02_provenance_hilbert_metric_and_normalized_skew/096_C054__algebraic_radical_triviality_and_infinite_rank/097_P032__algebraic_radical_triviality	derivation/registry/dag/NODES.tsv
5.2.3.2	3	PROOF_NODE_SECTION	Infinite rank of the raw skew operator	098	P033	098	P033	1	98	98	derivation/paper/main/sections/05_presymplectic_completion_weyl_system_and_quasifree_state/02_provenance_hilbert_metric_and_normalized_skew/096_C054__algebraic_radical_triviality_and_infinite_rank/098_P033__infinite_rank_of_the_raw_skew_operator	derivation/supplement/sections/05_presymplectic_completion_weyl_system_and_quasifree_state/02_provenance_hilbert_metric_and_normalized_skew/096_C054__algebraic_radical_triviality_and_infinite_rank/098_P033__infinite_rank_of_the_raw_skew_operator	derivation/registry/dag/NODES.tsv
5.3	1	SECTION_GROUP	Quasifree-state specialization	099	C053	100	P034	2	99	100	derivation/paper/main/sections/05_presymplectic_completion_weyl_system_and_quasifree_state/03_quasifree_state_specialization	derivation/supplement/sections/05_presymplectic_completion_weyl_system_and_quasifree_state/03_quasifree_state_specialization	derivation/registry/dag/NODES.tsv
5.3.1	2	NODE_SECTION	Regular quasifree provenance state ω_prov	099	C053	100	P034	2	99	100	derivation/paper/main/sections/05_presymplectic_completion_weyl_system_and_quasifree_state/03_quasifree_state_specialization/099_C053__regular_quasifree_provenance_state_prov	derivation/supplement/sections/05_presymplectic_completion_weyl_system_and_quasifree_state/03_quasifree_state_specialization/099_C053__regular_quasifree_provenance_state_prov	derivation/registry/dag/NODES.tsv
5.3.1.1	3	PROOF_NODE_SECTION	Quasifree positivity, regularity, and cylinder consistency	100	P034	100	P034	1	100	100	derivation/paper/main/sections/05_presymplectic_completion_weyl_system_and_quasifree_state/03_quasifree_state_specialization/099_C053__regular_quasifree_provenance_state_prov/100_P034__quasifree_positivity_regularity_and_cylinder_consistency	derivation/supplement/sections/05_presymplectic_completion_weyl_system_and_quasifree_state/03_quasifree_state_specialization/099_C053__regular_quasifree_provenance_state_prov/100_P034__quasifree_positivity_regularity_and_cylinder_consistency	derivation/registry/dag/NODES.tsv
5.4	1	SECTION_GROUP	Local cone completion and injectivity	101	C055	105	P037	5	101	105	derivation/paper/main/sections/05_presymplectic_completion_weyl_system_and_quasifree_state/04_local_cone_completion_and_injectivity	derivation/supplement/sections/05_presymplectic_completion_weyl_system_and_quasifree_state/04_local_cone_completion_and_injectivity	derivation/registry/dag/NODES.tsv
5.4.1	2	NODE_SECTION	Local descendant-cone Hilbert completion	101	C055	102	P035	2	101	102	derivation/paper/main/sections/05_presymplectic_completion_weyl_system_and_quasifree_state/04_local_cone_completion_and_injectivity/101_C055__local_descendant_cone_hilbert_completion	derivation/supplement/sections/05_presymplectic_completion_weyl_system_and_quasifree_state/04_local_cone_completion_and_injectivity/101_C055__local_descendant_cone_hilbert_completion	derivation/registry/dag/NODES.tsv
5.4.1.1	3	PROOF_NODE_SECTION	Local cone restriction and Hilbert-completion canonicity	102	P035	102	P035	1	102	102	derivation/paper/main/sections/05_presymplectic_completion_weyl_system_and_quasifree_state/04_local_cone_completion_and_injectivity/101_C055__local_descendant_cone_hilbert_completion/102_P035__local_cone_restriction_and_hilbert_completion_canonicity	derivation/supplement/sections/05_presymplectic_completion_weyl_system_and_quasifree_state/04_local_cone_completion_and_injectivity/101_C055__local_descendant_cone_hilbert_completion/102_P035__local_cone_restriction_and_hilbert_completion_canonicity	derivation/registry/dag/NODES.tsv
5.4.2	2	NODE_SECTION	Completed local injectivity Ker K_p={0}	103	C056	105	P037	3	103	105	derivation/paper/main/sections/05_presymplectic_completion_weyl_system_and_quasifree_state/04_local_cone_completion_and_injectivity/103_C056__completed_local_injectivity_ker_k_p_0	derivation/supplement/sections/05_presymplectic_completion_weyl_system_and_quasifree_state/04_local_cone_completion_and_injectivity/103_C056__completed_local_injectivity_ker_k_p_0	derivation/registry/dag/NODES.tsv
5.4.2.1	3	PROOF_NODE_SECTION	Ray/generating-function injectivity argument	104	P036	104	P036	1	104	104	derivation/paper/main/sections/05_presymplectic_completion_weyl_system_and_quasifree_state/04_local_cone_completion_and_injectivity/103_C056__completed_local_injectivity_ker_k_p_0/104_P036__ray_generating_function_injectivity_argument	derivation/supplement/sections/05_presymplectic_completion_weyl_system_and_quasifree_state/04_local_cone_completion_and_injectivity/103_C056__completed_local_injectivity_ker_k_p_0/104_P036__ray_generating_function_injectivity_argument	derivation/registry/dag/NODES.tsv
5.4.2.2	3	PROOF_NODE_SECTION	Complete remainder estimate and completion transfer	105	P037	105	P037	1	105	105	derivation/paper/main/sections/05_presymplectic_completion_weyl_system_and_quasifree_state/04_local_cone_completion_and_injectivity/103_C056__completed_local_injectivity_ker_k_p_0/105_P037__complete_remainder_estimate_and_completion_transfer	derivation/supplement/sections/05_presymplectic_completion_weyl_system_and_quasifree_state/04_local_cone_completion_and_injectivity/103_C056__completed_local_injectivity_ker_k_p_0/105_P037__complete_remainder_estimate_and_completion_transfer	derivation/registry/dag/NODES.tsv
6	0	ROOT_SECTION	Local operator-algebraic specialization	106	C057	121	O091	16	106	121	derivation/paper/main/sections/06_local_operator_algebraic_specialization	derivation/supplement/sections/06_local_operator_algebraic_specialization	derivation/registry/dag/NODES.tsv
6.1	1	SECTION_GROUP	GNS/Araki--Woods representation and type classification	106	C057	112	P042	7	106	112	derivation/paper/main/sections/06_local_operator_algebraic_specialization/01_gns_araki_woods_representation_and_type_classification	derivation/supplement/sections/06_local_operator_algebraic_specialization/01_gns_araki_woods_representation_and_type_classification	derivation/registry/dag/NODES.tsv
6.1.1	2	NODE_SECTION	GNS / Araki-Woods spectral handoff	106	C057	108	P039	3	106	108	derivation/paper/main/sections/06_local_operator_algebraic_specialization/01_gns_araki_woods_representation_and_type_classification/106_C057__gns_araki_woods_spectral_handoff	derivation/supplement/sections/06_local_operator_algebraic_specialization/01_gns_araki_woods_representation_and_type_classification/106_C057__gns_araki_woods_spectral_handoff	derivation/registry/dag/NODES.tsv
6.1.1.1	3	PROOF_NODE_SECTION	GNS existence and representation handoff	107	P038	107	P038	1	107	107	derivation/paper/main/sections/06_local_operator_algebraic_specialization/01_gns_araki_woods_representation_and_type_classification/106_C057__gns_araki_woods_spectral_handoff/107_P038__gns_existence_and_representation_handoff	derivation/supplement/sections/06_local_operator_algebraic_specialization/01_gns_araki_woods_representation_and_type_classification/106_C057__gns_araki_woods_spectral_handoff/107_P038__gns_existence_and_representation_handoff	derivation/registry/dag/NODES.tsv
6.1.1.2	3	PROOF_NODE_SECTION	Araki-Woods realization and spectral identification	108	P039	108	P039	1	108	108	derivation/paper/main/sections/06_local_operator_algebraic_specialization/01_gns_araki_woods_representation_and_type_classification/106_C057__gns_araki_woods_spectral_handoff/108_P039__araki_woods_realization_and_spectral_identification	derivation/supplement/sections/06_local_operator_algebraic_specialization/01_gns_araki_woods_representation_and_type_classification/106_C057__gns_araki_woods_spectral_handoff/108_P039__araki_woods_realization_and_spectral_identification	derivation/registry/dag/NODES.tsv
6.1.2	2	NODE_SECTION	Local hyperfinite type-III₁ factor	109	C058	112	P042	4	109	112	derivation/paper/main/sections/06_local_operator_algebraic_specialization/01_gns_araki_woods_representation_and_type_classification/109_C058__local_hyperfinite_type_iii_factor	derivation/supplement/sections/06_local_operator_algebraic_specialization/01_gns_araki_woods_representation_and_type_classification/109_C058__local_hyperfinite_type_iii_factor	derivation/registry/dag/NODES.tsv
6.1.2.1	3	PROOF_NODE_SECTION	Local factoriality and center triviality	110	P040	110	P040	1	110	110	derivation/paper/main/sections/06_local_operator_algebraic_specialization/01_gns_araki_woods_representation_and_type_classification/109_C058__local_hyperfinite_type_iii_factor/110_P040__local_factoriality_and_center_triviality	derivation/supplement/sections/06_local_operator_algebraic_specialization/01_gns_araki_woods_representation_and_type_classification/109_C058__local_hyperfinite_type_iii_factor/110_P040__local_factoriality_and_center_triviality	derivation/registry/dag/NODES.tsv
6.1.2.2	3	PROOF_NODE_SECTION	Local hyperfiniteness	111	P041	111	P041	1	111	111	derivation/paper/main/sections/06_local_operator_algebraic_specialization/01_gns_araki_woods_representation_and_type_classification/109_C058__local_hyperfinite_type_iii_factor/111_P041__local_hyperfiniteness	derivation/supplement/sections/06_local_operator_algebraic_specialization/01_gns_araki_woods_representation_and_type_classification/109_C058__local_hyperfinite_type_iii_factor/111_P041__local_hyperfiniteness	derivation/registry/dag/NODES.tsv
6.1.2.3	3	PROOF_NODE_SECTION	Type-III1 ratio-set classification	112	P042	112	P042	1	112	112	derivation/paper/main/sections/06_local_operator_algebraic_specialization/01_gns_araki_woods_representation_and_type_classification/109_C058__local_hyperfinite_type_iii_factor/112_P042__type_iii1_ratio_set_classification	derivation/supplement/sections/06_local_operator_algebraic_specialization/01_gns_araki_woods_representation_and_type_classification/109_C058__local_hyperfinite_type_iii_factor/112_P042__type_iii1_ratio_set_classification	derivation/registry/dag/NODES.tsv
6.2	1	SECTION_GROUP	Complement factorization, finite interface and split structure	113	C059	119	P046	7	113	119	derivation/paper/main/sections/06_local_operator_algebraic_specialization/02_complement_factorization_finite_interface_and_split_structure	derivation/supplement/sections/06_local_operator_algebraic_specialization/02_complement_factorization_finite_interface_and_split_structure	derivation/registry/dag/NODES.tsv
6.2.1	2	NODE_SECTION	Finite active interface taxonomy for descendant cones	113	C059	114	P043	2	113	114	derivation/paper/main/sections/06_local_operator_algebraic_specialization/02_complement_factorization_finite_interface_and_split_structure/113_C059__finite_active_interface_taxonomy_for_descendant_cones	derivation/supplement/sections/06_local_operator_algebraic_specialization/02_complement_factorization_finite_interface_and_split_structure/113_C059__finite_active_interface_taxonomy_for_descendant_cones	derivation/registry/dag/NODES.tsv
6.2.1.1	3	PROOF_NODE_SECTION	Finite interface taxonomy exhaustivity and disjointness	114	P043	114	P043	1	114	114	derivation/paper/main/sections/06_local_operator_algebraic_specialization/02_complement_factorization_finite_interface_and_split_structure/113_C059__finite_active_interface_taxonomy_for_descendant_cones/114_P043__finite_interface_taxonomy_exhaustivity_and_disjointness	derivation/supplement/sections/06_local_operator_algebraic_specialization/02_complement_factorization_finite_interface_and_split_structure/113_C059__finite_active_interface_taxonomy_for_descendant_cones/114_P043__finite_interface_taxonomy_exhaustivity_and_disjointness	derivation/registry/dag/NODES.tsv
6.2.2	2	NODE_SECTION	Exact complement split chain	115	C060	117	P045	3	115	117	derivation/paper/main/sections/06_local_operator_algebraic_specialization/02_complement_factorization_finite_interface_and_split_structure/115_C060__exact_complement_split_chain	derivation/supplement/sections/06_local_operator_algebraic_specialization/02_complement_factorization_finite_interface_and_split_structure/115_C060__exact_complement_split_chain	derivation/registry/dag/NODES.tsv
6.2.2.1	3	PROOF_NODE_SECTION	One-particle complement tensor factorization	116	P044	116	P044	1	116	116	derivation/paper/main/sections/06_local_operator_algebraic_specialization/02_complement_factorization_finite_interface_and_split_structure/115_C060__exact_complement_split_chain/116_P044__one_particle_complement_tensor_factorization	derivation/supplement/sections/06_local_operator_algebraic_specialization/02_complement_factorization_finite_interface_and_split_structure/115_C060__exact_complement_split_chain/116_P044__one_particle_complement_tensor_factorization	derivation/registry/dag/NODES.tsv
6.2.2.2	3	PROOF_NODE_SECTION	Type-I interpolant and exact III1-I-III1 inclusion	117	P045	117	P045	1	117	117	derivation/paper/main/sections/06_local_operator_algebraic_specialization/02_complement_factorization_finite_interface_and_split_structure/115_C060__exact_complement_split_chain/117_P045__type_i_interpolant_and_exact_iii1_i_iii1_inclusion	derivation/supplement/sections/06_local_operator_algebraic_specialization/02_complement_factorization_finite_interface_and_split_structure/115_C060__exact_complement_split_chain/117_P045__type_i_interpolant_and_exact_iii1_i_iii1_inclusion	derivation/registry/dag/NODES.tsv
6.2.3	2	NODE_SECTION	Dual complement envelope isotony	118	C061	119	P046	2	118	119	derivation/paper/main/sections/06_local_operator_algebraic_specialization/02_complement_factorization_finite_interface_and_split_structure/118_C061__dual_complement_envelope_isotony	derivation/supplement/sections/06_local_operator_algebraic_specialization/02_complement_factorization_finite_interface_and_split_structure/118_C061__dual_complement_envelope_isotony	derivation/registry/dag/NODES.tsv
6.2.3.1	3	PROOF_NODE_SECTION	Exterior antitony and commutant-reversal isotony	119	P046	119	P046	1	119	119	derivation/paper/main/sections/06_local_operator_algebraic_specialization/02_complement_factorization_finite_interface_and_split_structure/118_C061__dual_complement_envelope_isotony/119_P046__exterior_antitony_and_commutant_reversal_isotony	derivation/supplement/sections/06_local_operator_algebraic_specialization/02_complement_factorization_finite_interface_and_split_structure/118_C061__dual_complement_envelope_isotony/119_P046__exterior_antitony_and_commutant_reversal_isotony	derivation/registry/dag/NODES.tsv
6.3	1	SECTION_GROUP	Rejected completion identifications	120	O090	121	O091	2	120	121	derivation/paper/main/sections/06_local_operator_algebraic_specialization/03_rejected_completion_identifications	derivation/supplement/sections/06_local_operator_algebraic_specialization/03_rejected_completion_identifications	derivation/registry/dag/NODES.tsv
6.3.1	2	NODE_SECTION	Counting-terminal Fock identification obstruction	120	O090	120	O090	1	120	120	derivation/paper/main/sections/06_local_operator_algebraic_specialization/03_rejected_completion_identifications/120_O090__counting_terminal_fock_identification_obstruction	derivation/supplement/sections/06_local_operator_algebraic_specialization/03_rejected_completion_identifications/120_O090__counting_terminal_fock_identification_obstruction	derivation/registry/dag/NODES.tsv
6.3.2	2	NODE_SECTION	Ontic corner/Schur inductive-limit obstruction	121	O091	121	O091	1	121	121	derivation/paper/main/sections/06_local_operator_algebraic_specialization/03_rejected_completion_identifications/121_O091__ontic_corner_schur_inductive_limit_obstruction	derivation/supplement/sections/06_local_operator_algebraic_specialization/03_rejected_completion_identifications/121_O091__ontic_corner_schur_inductive_limit_obstruction	derivation/registry/dag/NODES.tsv
7	0	ROOT_SECTION	Emergent geometry and Hodge/HK branch	122	O071	126	B071	5	122	126	derivation/paper/main/sections/07_emergent_geometry_and_hodge_hk_branch	derivation/supplement/sections/07_emergent_geometry_and_hodge_hk_branch	derivation/registry/dag/NODES.tsv
7.1	1	SECTION_GROUP	Geometry-selector obstruction and canonical selector	122	O071	125	P048	4	122	125	derivation/paper/main/sections/07_emergent_geometry_and_hodge_hk_branch/01_geometry_selector_obstruction_and_canonical_selector	derivation/supplement/sections/07_emergent_geometry_and_hodge_hk_branch/01_geometry_selector_obstruction_and_canonical_selector	derivation/registry/dag/NODES.tsv
7.1.1	2	NODE_SECTION	Geometry/interface canonicity obstruction	122	O071	122	O071	1	122	122	derivation/paper/main/sections/07_emergent_geometry_and_hodge_hk_branch/01_geometry_selector_obstruction_and_canonical_selector/122_O071__geometry_interface_canonicity_obstruction	derivation/supplement/sections/07_emergent_geometry_and_hodge_hk_branch/01_geometry_selector_obstruction_and_canonical_selector/122_O071__geometry_interface_canonicity_obstruction	derivation/registry/dag/NODES.tsv
7.1.2	2	NODE_SECTION	Canonical emergent interface/geometry selector	123	M070	125	P048	3	123	125	derivation/paper/main/sections/07_emergent_geometry_and_hodge_hk_branch/01_geometry_selector_obstruction_and_canonical_selector/123_M070__canonical_emergent_interface_geometry_selector	derivation/supplement/sections/07_emergent_geometry_and_hodge_hk_branch/01_geometry_selector_obstruction_and_canonical_selector/123_M070__canonical_emergent_interface_geometry_selector	derivation/registry/dag/NODES.tsv
7.1.2.1	3	PROOF_NODE_SECTION	Canonical geometry/interface selector existence	124	P047	124	P047	1	124	124	derivation/paper/main/sections/07_emergent_geometry_and_hodge_hk_branch/01_geometry_selector_obstruction_and_canonical_selector/123_M070__canonical_emergent_interface_geometry_selector/124_P047__canonical_geometry_interface_selector_existence	derivation/supplement/sections/07_emergent_geometry_and_hodge_hk_branch/01_geometry_selector_obstruction_and_canonical_selector/123_M070__canonical_emergent_interface_geometry_selector/124_P047__canonical_geometry_interface_selector_existence	derivation/registry/dag/NODES.tsv
7.1.2.2	3	PROOF_NODE_SECTION	Geometry selector uniqueness, equivariance, and naturality	125	P048	125	P048	1	125	125	derivation/paper/main/sections/07_emergent_geometry_and_hodge_hk_branch/01_geometry_selector_obstruction_and_canonical_selector/123_M070__canonical_emergent_interface_geometry_selector/125_P048__geometry_selector_uniqueness_equivariance_and_naturality	derivation/supplement/sections/07_emergent_geometry_and_hodge_hk_branch/01_geometry_selector_obstruction_and_canonical_selector/123_M070__canonical_emergent_interface_geometry_selector/125_P048__geometry_selector_uniqueness_equivariance_and_naturality	derivation/registry/dag/NODES.tsv
7.2	1	SECTION_GROUP	Hodge/HK specialization branch	126	B071	126	B071	1	126	126	derivation/paper/main/sections/07_emergent_geometry_and_hodge_hk_branch/02_hodge_hk_specialization_branch	derivation/supplement/sections/07_emergent_geometry_and_hodge_hk_branch/02_hodge_hk_specialization_branch	derivation/registry/dag/NODES.tsv
7.2.1	2	NODE_SECTION	Hodge / geometric-locality / HK geometry branch	126	B071	126	B071	1	126	126	derivation/paper/main/sections/07_emergent_geometry_and_hodge_hk_branch/02_hodge_hk_specialization_branch/126_B071__hodge_geometric_locality_hk_geometry_branch	derivation/supplement/sections/07_emergent_geometry_and_hodge_hk_branch/02_hodge_hk_specialization_branch/126_B071__hodge_geometric_locality_hk_geometry_branch	derivation/registry/dag/NODES.tsv
8	0	ROOT_SECTION	Modular/AQFT specialization and purity gates	127	M080	145	P059	19	127	145	derivation/paper/main/sections/08_modular_aqft_specialization_and_purity_gates	derivation/supplement/sections/08_modular_aqft_specialization_and_purity_gates	derivation/registry/dag/NODES.tsv
8.1	1	SECTION_GROUP	Standardness, modular flow and native provenance action	127	M080	137	P054	11	127	137	derivation/paper/main/sections/08_modular_aqft_specialization_and_purity_gates/01_standardness_modular_flow_and_native_provenance_action	derivation/supplement/sections/08_modular_aqft_specialization_and_purity_gates/01_standardness_modular_flow_and_native_provenance_action	derivation/registry/dag/NODES.tsv
8.1.1	2	NODE_SECTION	Local standardness of (M(O),Ω)	127	M080	129	P050	3	127	129	derivation/paper/main/sections/08_modular_aqft_specialization_and_purity_gates/01_standardness_modular_flow_and_native_provenance_action/127_M080__local_standardness_of_m_o	derivation/supplement/sections/08_modular_aqft_specialization_and_purity_gates/01_standardness_modular_flow_and_native_provenance_action/127_M080__local_standardness_of_m_o	derivation/registry/dag/NODES.tsv
8.1.1.1	3	PROOF_NODE_SECTION	Local cyclicity of the GNS vector	128	P049	128	P049	1	128	128	derivation/paper/main/sections/08_modular_aqft_specialization_and_purity_gates/01_standardness_modular_flow_and_native_provenance_action/127_M080__local_standardness_of_m_o/128_P049__local_cyclicity_of_the_gns_vector	derivation/supplement/sections/08_modular_aqft_specialization_and_purity_gates/01_standardness_modular_flow_and_native_provenance_action/127_M080__local_standardness_of_m_o/128_P049__local_cyclicity_of_the_gns_vector	derivation/registry/dag/NODES.tsv
8.1.1.2	3	PROOF_NODE_SECTION	Local separatingness of the GNS vector	129	P050	129	P050	1	129	129	derivation/paper/main/sections/08_modular_aqft_specialization_and_purity_gates/01_standardness_modular_flow_and_native_provenance_action/127_M080__local_standardness_of_m_o/129_P050__local_separatingness_of_the_gns_vector	derivation/supplement/sections/08_modular_aqft_specialization_and_purity_gates/01_standardness_modular_flow_and_native_provenance_action/127_M080__local_standardness_of_m_o/129_P050__local_separatingness_of_the_gns_vector	derivation/registry/dag/NODES.tsv
8.1.2	2	NODE_SECTION	Derived local modular flow	130	M082	132	P052	3	130	132	derivation/paper/main/sections/08_modular_aqft_specialization_and_purity_gates/01_standardness_modular_flow_and_native_provenance_action/130_M082__derived_local_modular_flow	derivation/supplement/sections/08_modular_aqft_specialization_and_purity_gates/01_standardness_modular_flow_and_native_provenance_action/130_M082__derived_local_modular_flow	derivation/registry/dag/NODES.tsv
8.1.2.1	3	PROOF_NODE_SECTION	Tomita operator closure and polar decomposition	131	P051	131	P051	1	131	131	derivation/paper/main/sections/08_modular_aqft_specialization_and_purity_gates/01_standardness_modular_flow_and_native_provenance_action/130_M082__derived_local_modular_flow/131_P051__tomita_operator_closure_and_polar_decomposition	derivation/supplement/sections/08_modular_aqft_specialization_and_purity_gates/01_standardness_modular_flow_and_native_provenance_action/130_M082__derived_local_modular_flow/131_P051__tomita_operator_closure_and_polar_decomposition	derivation/registry/dag/NODES.tsv
8.1.2.2	3	PROOF_NODE_SECTION	Local modular automorphism group and net compatibility	132	P052	132	P052	1	132	132	derivation/paper/main/sections/08_modular_aqft_specialization_and_purity_gates/01_standardness_modular_flow_and_native_provenance_action/130_M082__derived_local_modular_flow/132_P052__local_modular_automorphism_group_and_net_compatibility	derivation/supplement/sections/08_modular_aqft_specialization_and_purity_gates/01_standardness_modular_flow_and_native_provenance_action/130_M082__derived_local_modular_flow/132_P052__local_modular_automorphism_group_and_net_compatibility	derivation/registry/dag/NODES.tsv
8.1.3	2	NODE_SECTION	Global native modular-conjugation lift obstruction	133	O081	133	O081	1	133	133	derivation/paper/main/sections/08_modular_aqft_specialization_and_purity_gates/01_standardness_modular_flow_and_native_provenance_action/133_O081__global_native_modular_conjugation_lift_obstruction	derivation/supplement/sections/08_modular_aqft_specialization_and_purity_gates/01_standardness_modular_flow_and_native_provenance_action/133_O081__global_native_modular_conjugation_lift_obstruction	derivation/registry/dag/NODES.tsv
8.1.4	2	NODE_SECTION	K-selected polarization uniqueness/compatibility obstruction	134	O092	134	O092	1	134	134	derivation/paper/main/sections/08_modular_aqft_specialization_and_purity_gates/01_standardness_modular_flow_and_native_provenance_action/134_O092__k_selected_polarization_uniqueness_compatibility_obstruction	derivation/supplement/sections/08_modular_aqft_specialization_and_purity_gates/01_standardness_modular_flow_and_native_provenance_action/134_O092__k_selected_polarization_uniqueness_compatibility_obstruction	derivation/registry/dag/NODES.tsv
8.1.5	2	NODE_SECTION	Native provenance realization of the local modular action	135	M086	137	P054	3	135	137	derivation/paper/main/sections/08_modular_aqft_specialization_and_purity_gates/01_standardness_modular_flow_and_native_provenance_action/135_M086__native_provenance_realization_of_the_local_modular_action	derivation/supplement/sections/08_modular_aqft_specialization_and_purity_gates/01_standardness_modular_flow_and_native_provenance_action/135_M086__native_provenance_realization_of_the_local_modular_action	derivation/registry/dag/NODES.tsv
8.1.5.1	3	PROOF_NODE_SECTION	Native provenance action realization and intertwining	136	P053	136	P053	1	136	136	derivation/paper/main/sections/08_modular_aqft_specialization_and_purity_gates/01_standardness_modular_flow_and_native_provenance_action/135_M086__native_provenance_realization_of_the_local_modular_action/136_P053__native_provenance_action_realization_and_intertwining	derivation/supplement/sections/08_modular_aqft_specialization_and_purity_gates/01_standardness_modular_flow_and_native_provenance_action/135_M086__native_provenance_realization_of_the_local_modular_action/136_P053__native_provenance_action_realization_and_intertwining	derivation/registry/dag/NODES.tsv
8.1.5.2	3	PROOF_NODE_SECTION	Native modular action canonicity and choice independence	137	P054	137	P054	1	137	137	derivation/paper/main/sections/08_modular_aqft_specialization_and_purity_gates/01_standardness_modular_flow_and_native_provenance_action/135_M086__native_provenance_realization_of_the_local_modular_action/137_P054__native_modular_action_canonicity_and_choice_independence	derivation/supplement/sections/08_modular_aqft_specialization_and_purity_gates/01_standardness_modular_flow_and_native_provenance_action/135_M086__native_provenance_realization_of_the_local_modular_action/137_P054__native_modular_action_canonicity_and_choice_independence	derivation/registry/dag/NODES.tsv
8.2	1	SECTION_GROUP	AQFT covariance and spectrum	138	M083	141	P057	4	138	141	derivation/paper/main/sections/08_modular_aqft_specialization_and_purity_gates/02_aqft_covariance_and_spectrum	derivation/supplement/sections/08_modular_aqft_specialization_and_purity_gates/02_aqft_covariance_and_spectrum	derivation/registry/dag/NODES.tsv
8.2.1	2	NODE_SECTION	Covariance group and spectrum condition	138	M083	141	P057	4	138	141	derivation/paper/main/sections/08_modular_aqft_specialization_and_purity_gates/02_aqft_covariance_and_spectrum/138_M083__covariance_group_and_spectrum_condition	derivation/supplement/sections/08_modular_aqft_specialization_and_purity_gates/02_aqft_covariance_and_spectrum/138_M083__covariance_group_and_spectrum_condition	derivation/registry/dag/NODES.tsv
8.2.1.1	3	PROOF_NODE_SECTION	Covariance automorphism group	139	P055	139	P055	1	139	139	derivation/paper/main/sections/08_modular_aqft_specialization_and_purity_gates/02_aqft_covariance_and_spectrum/138_M083__covariance_group_and_spectrum_condition/139_P055__covariance_automorphism_group	derivation/supplement/sections/08_modular_aqft_specialization_and_purity_gates/02_aqft_covariance_and_spectrum/138_M083__covariance_group_and_spectrum_condition/139_P055__covariance_automorphism_group	derivation/registry/dag/NODES.tsv
8.2.1.2	3	PROOF_NODE_SECTION	Positive generator of the covariance group	140	P056	140	P056	1	140	140	derivation/paper/main/sections/08_modular_aqft_specialization_and_purity_gates/02_aqft_covariance_and_spectrum/138_M083__covariance_group_and_spectrum_condition/140_P056__positive_generator_of_the_covariance_group	derivation/supplement/sections/08_modular_aqft_specialization_and_purity_gates/02_aqft_covariance_and_spectrum/138_M083__covariance_group_and_spectrum_condition/140_P056__positive_generator_of_the_covariance_group	derivation/registry/dag/NODES.tsv
8.2.1.3	3	PROOF_NODE_SECTION	Spectrum condition	141	P057	141	P057	1	141	141	derivation/paper/main/sections/08_modular_aqft_specialization_and_purity_gates/02_aqft_covariance_and_spectrum/138_M083__covariance_group_and_spectrum_condition/141_P057__spectrum_condition	derivation/supplement/sections/08_modular_aqft_specialization_and_purity_gates/02_aqft_covariance_and_spectrum/138_M083__covariance_group_and_spectrum_condition/141_P057__spectrum_condition	derivation/registry/dag/NODES.tsv
8.3	1	SECTION_GROUP	Purity gate	142	O084	145	P059	4	142	145	derivation/paper/main/sections/08_modular_aqft_specialization_and_purity_gates/03_purity_gate	derivation/supplement/sections/08_modular_aqft_specialization_and_purity_gates/03_purity_gate	derivation/registry/dag/NODES.tsv
8.3.1	2	NODE_SECTION	ω_prov purity obstruction	142	O084	142	O084	1	142	142	derivation/paper/main/sections/08_modular_aqft_specialization_and_purity_gates/03_purity_gate/142_O084__prov_purity_obstruction	derivation/supplement/sections/08_modular_aqft_specialization_and_purity_gates/03_purity_gate/142_O084__prov_purity_obstruction	derivation/registry/dag/NODES.tsv
8.3.2	2	NODE_SECTION	Canonical purification / pure global state branch	143	M085	145	P059	3	143	145	derivation/paper/main/sections/08_modular_aqft_specialization_and_purity_gates/03_purity_gate/143_M085__canonical_purification_pure_global_state_branch	derivation/supplement/sections/08_modular_aqft_specialization_and_purity_gates/03_purity_gate/143_M085__canonical_purification_pure_global_state_branch	derivation/registry/dag/NODES.tsv
8.3.2.1	3	PROOF_NODE_SECTION	Purification or pure global state existence	144	P058	144	P058	1	144	144	derivation/paper/main/sections/08_modular_aqft_specialization_and_purity_gates/03_purity_gate/143_M085__canonical_purification_pure_global_state_branch/144_P058__purification_or_pure_global_state_existence	derivation/supplement/sections/08_modular_aqft_specialization_and_purity_gates/03_purity_gate/143_M085__canonical_purification_pure_global_state_branch/144_P058__purification_or_pure_global_state_existence	derivation/registry/dag/NODES.tsv
8.3.2.2	3	PROOF_NODE_SECTION	Purification canonicity and no-free-choice theorem	145	P059	145	P059	1	145	145	derivation/paper/main/sections/08_modular_aqft_specialization_and_purity_gates/03_purity_gate/143_M085__canonical_purification_pure_global_state_branch/145_P059__purification_canonicity_and_no_free_choice_theorem	derivation/supplement/sections/08_modular_aqft_specialization_and_purity_gates/03_purity_gate/143_M085__canonical_purification_pure_global_state_branch/145_P059__purification_canonicity_and_no_free_choice_theorem	derivation/registry/dag/NODES.tsv
