node_number	canonical_node_label	semantic_id	current_section_path	documentation_tier	stable_node_directory_name	registry_record	main_artifact	supplement_artifact	python_source_files	python_test_files	lean_core_files	lean_proof_files	code_anchor_count	lookup_key
001	001 · I001	I001	1.1.1	D0	001_I001__branching_parameter_b	derivation/registry/nodes/I001.json	derivation/paper/main/sections/01_primitive_provenance_and_response_coupled_growth/01_primitive_inputs_provenance_grammar_and_event_order/001_I001__branching_parameter_b/SECTION.tex	derivation/supplement/sections/01_primitive_provenance_and_response_coupled_growth/01_primitive_inputs_provenance_grammar_and_event_order/001_I001__branching_parameter_b/DOCUMENTATION.md	derivation/code/python/src/cnna/derivation/s01_primitive_response_coupled_finite_provenance/s01_primitive_inputs_grammar_and_event_order/s01_i001__branching_parameter_b.py	derivation/code/python/tests/derivation/s01_primitive_response_coupled_finite_provenance/s01_primitive_inputs_grammar_and_event_order/test_s01_i001__branching_parameter_b.py	derivation/code/lean/core/src/CNNA/Derivation/S01_PrimitiveResponseCoupledFiniteProvenance/S01_PrimitiveInputsGrammarAndEventOrder/S01_I001_BranchingParameterB.lean		5	I001
002	002 · I002	I002	1.1.2	D0	002_I002__finite_approximant_depth_l	derivation/registry/nodes/I002.json	derivation/paper/main/sections/01_primitive_provenance_and_response_coupled_growth/01_primitive_inputs_provenance_grammar_and_event_order/002_I002__finite_approximant_depth_l/SECTION.tex	derivation/supplement/sections/01_primitive_provenance_and_response_coupled_growth/01_primitive_inputs_provenance_grammar_and_event_order/002_I002__finite_approximant_depth_l/DOCUMENTATION.md	derivation/code/python/src/cnna/derivation/s01_primitive_response_coupled_finite_provenance/s01_primitive_inputs_grammar_and_event_order/s02_i002__finite_approximant_depth_l.py	derivation/code/python/tests/derivation/s01_primitive_response_coupled_finite_provenance/s01_primitive_inputs_grammar_and_event_order/test_s02_i002__finite_approximant_depth_l.py	derivation/code/lean/core/src/CNNA/Derivation/S01_PrimitiveResponseCoupledFiniteProvenance/S01_PrimitiveInputsGrammarAndEventOrder/S02_I002_FiniteApproximantDepthL.lean		5	I002
003	003 · C001	C001	1.1.3	D0	003_C001__empty_carrier	derivation/registry/nodes/C001.json	derivation/paper/main/sections/01_primitive_provenance_and_response_coupled_growth/01_primitive_inputs_provenance_grammar_and_event_order/003_C001__empty_carrier/SECTION.tex	derivation/supplement/sections/01_primitive_provenance_and_response_coupled_growth/01_primitive_inputs_provenance_grammar_and_event_order/003_C001__empty_carrier/DOCUMENTATION.md	derivation/code/python/src/cnna/derivation/s01_primitive_response_coupled_finite_provenance/s01_primitive_inputs_grammar_and_event_order/s03_c001__empty_carrier_empty.py	derivation/code/python/tests/derivation/s01_primitive_response_coupled_finite_provenance/s01_primitive_inputs_grammar_and_event_order/test_s03_c001__empty_carrier_empty.py	derivation/code/lean/core/src/CNNA/Derivation/S01_PrimitiveResponseCoupledFiniteProvenance/S01_PrimitiveInputsGrammarAndEventOrder/S03_C001_EmptyCarrierEmpty.lean		9	C001
004	004 · C002	C002	1.1.4	D1	004_C002__root_genesis_r	derivation/registry/nodes/C002.json	derivation/paper/main/sections/01_primitive_provenance_and_response_coupled_growth/01_primitive_inputs_provenance_grammar_and_event_order/004_C002__root_genesis_r/SECTION.tex	derivation/supplement/sections/01_primitive_provenance_and_response_coupled_growth/01_primitive_inputs_provenance_grammar_and_event_order/004_C002__root_genesis_r/DOCUMENTATION.md	derivation/code/python/src/cnna/derivation/s01_primitive_response_coupled_finite_provenance/s01_primitive_inputs_grammar_and_event_order/s04_c002__root_genesis_r.py	derivation/code/python/tests/derivation/s01_primitive_response_coupled_finite_provenance/s01_primitive_inputs_grammar_and_event_order/test_s04_c002__root_genesis_r.py	derivation/code/lean/core/src/CNNA/Derivation/S01_PrimitiveResponseCoupledFiniteProvenance/S01_PrimitiveInputsGrammarAndEventOrder/S04_C002_RootGenesisR.lean		22	C002
005	005 · C003	C003	1.1.5	D1	005_C003__finite_b_ary_provenance_grammar	derivation/registry/nodes/C003.json	derivation/paper/main/sections/01_primitive_provenance_and_response_coupled_growth/01_primitive_inputs_provenance_grammar_and_event_order/005_C003__finite_b_ary_provenance_grammar/SECTION.tex	derivation/supplement/sections/01_primitive_provenance_and_response_coupled_growth/01_primitive_inputs_provenance_grammar_and_event_order/005_C003__finite_b_ary_provenance_grammar/DOCUMENTATION.md	derivation/code/python/src/cnna/derivation/s01_primitive_response_coupled_finite_provenance/s01_primitive_inputs_grammar_and_event_order/s05_c003__finite_b_ary_provenance_grammar.py	derivation/code/python/tests/derivation/s01_primitive_response_coupled_finite_provenance/s01_primitive_inputs_grammar_and_event_order/test_s05_c003__finite_b_ary_provenance_grammar.py	derivation/code/lean/core/src/CNNA/Derivation/S01_PrimitiveResponseCoupledFiniteProvenance/S01_PrimitiveInputsGrammarAndEventOrder/S05_C003_FiniteBAryProvenanceGrammar.lean		45	C003
006	006 · C018	C018	1.1.6	D2	006_C018__canonical_bfs_lexicographic_provenance_birth_schedule	derivation/registry/nodes/C018.json	derivation/paper/main/sections/01_primitive_provenance_and_response_coupled_growth/01_primitive_inputs_provenance_grammar_and_event_order/006_C018__canonical_bfs_lexicographic_provenance_birth_schedule/SECTION.tex	derivation/supplement/sections/01_primitive_provenance_and_response_coupled_growth/01_primitive_inputs_provenance_grammar_and_event_order/006_C018__canonical_bfs_lexicographic_provenance_birth_schedule/DOCUMENTATION.md	derivation/code/python/src/cnna/derivation/s01_primitive_response_coupled_finite_provenance/s01_primitive_inputs_grammar_and_event_order/s06_c018__canonical_bfs_lexicographic_provenance_birth_schedule.py	derivation/code/python/tests/derivation/s01_primitive_response_coupled_finite_provenance/s01_primitive_inputs_grammar_and_event_order/test_s06_c018__canonical_bfs_lexicographic_provenance_birth_schedule.py	derivation/code/lean/core/src/CNNA/Derivation/S01_PrimitiveResponseCoupledFiniteProvenance/S01_PrimitiveInputsGrammarAndEventOrder/S06_C018_CanonicalBfsLexicographicProvenanceBirthSchedule.lean		38	C018
007	007 · P002	P002	1.1.6.1	D2	007_P002__canonical_schedule_strict_total_order_closure	derivation/registry/nodes/P002.json	derivation/paper/main/sections/01_primitive_provenance_and_response_coupled_growth/01_primitive_inputs_provenance_grammar_and_event_order/006_C018__canonical_bfs_lexicographic_provenance_birth_schedule/007_P002__canonical_schedule_strict_total_order_closure/SECTION.tex	derivation/supplement/sections/01_primitive_provenance_and_response_coupled_growth/01_primitive_inputs_provenance_grammar_and_event_order/006_C018__canonical_bfs_lexicographic_provenance_birth_schedule/007_P002__canonical_schedule_strict_total_order_closure/DOCUMENTATION.md				derivation/code/lean/proofs/src/CNNAProofs/Derivation/S01_PrimitiveResponseCoupledFiniteProvenance/S01_PrimitiveInputsGrammarAndEventOrder/S06_C018_CanonicalBfsLexicographicProvenanceBirthSchedule/Proofs/S01_P002_CanonicalScheduleStrictTotalOrderClosure.lean	6	P002
008	008 · C004A	C004A	1.2.1	D1	008_C004A__first_provenance_slot_s	derivation/registry/nodes/C004A.json	derivation/paper/main/sections/01_primitive_provenance_and_response_coupled_growth/02_bootstrap_of_the_first_provenance_relation/008_C004A__first_provenance_slot_s/SECTION.tex	derivation/supplement/sections/01_primitive_provenance_and_response_coupled_growth/02_bootstrap_of_the_first_provenance_relation/008_C004A__first_provenance_slot_s/DOCUMENTATION.md	derivation/code/python/src/cnna/derivation/s01_primitive_response_coupled_finite_provenance/s02_bootstrap_of_the_first_relation/s01_c004a__first_provenance_slot_s1.py	derivation/code/python/tests/derivation/s01_primitive_response_coupled_finite_provenance/s02_bootstrap_of_the_first_relation/test_s01_c004a__first_provenance_slot_s1.py	derivation/code/lean/core/src/CNNA/Derivation/S01_PrimitiveResponseCoupledFiniteProvenance/S02_BootstrapOfTheFirstRelation/S01_C004A_FirstProvenanceSlotS1.lean		23	C004A
009	009 · A001	A001	1.2.2	D0	009_A001__genesis_seed	derivation/registry/nodes/A001.json	derivation/paper/main/sections/01_primitive_provenance_and_response_coupled_growth/02_bootstrap_of_the_first_provenance_relation/009_A001__genesis_seed/SECTION.tex	derivation/supplement/sections/01_primitive_provenance_and_response_coupled_growth/02_bootstrap_of_the_first_provenance_relation/009_A001__genesis_seed/DOCUMENTATION.md	derivation/code/python/src/cnna/derivation/s01_primitive_response_coupled_finite_provenance/s02_bootstrap_of_the_first_relation/s02_a001__genesis_seed_star.py	derivation/code/python/tests/derivation/s01_primitive_response_coupled_finite_provenance/s02_bootstrap_of_the_first_relation/test_s02_a001__genesis_seed_star.py	derivation/code/lean/core/src/CNNA/Derivation/S01_PrimitiveResponseCoupledFiniteProvenance/S02_BootstrapOfTheFirstRelation/S02_A001_GenesisSeedStar.lean		5	A001
010	010 · N001	N001	1.2.3	D0	010_N001__initial_conductance_normalization_c_1	derivation/registry/nodes/N001.json	derivation/paper/main/sections/01_primitive_provenance_and_response_coupled_growth/02_bootstrap_of_the_first_provenance_relation/010_N001__initial_conductance_normalization_c_1/SECTION.tex	derivation/supplement/sections/01_primitive_provenance_and_response_coupled_growth/02_bootstrap_of_the_first_provenance_relation/010_N001__initial_conductance_normalization_c_1/DOCUMENTATION.md	derivation/code/python/src/cnna/derivation/s01_primitive_response_coupled_finite_provenance/s02_bootstrap_of_the_first_relation/s03_n001__initial_conductance_normalization_c_star_1.py	derivation/code/python/tests/derivation/s01_primitive_response_coupled_finite_provenance/s02_bootstrap_of_the_first_relation/test_s03_n001__initial_conductance_normalization_c_star_1.py	derivation/code/lean/core/src/CNNA/Derivation/S01_PrimitiveResponseCoupledFiniteProvenance/S02_BootstrapOfTheFirstRelation/S03_N001_InitialConductanceNormalizationCStar1.lean		7	N001
011	011 · C013	C013	1.2.4	D1	011_C013__first_non_root_provenance_birth_v	derivation/registry/nodes/C013.json	derivation/paper/main/sections/01_primitive_provenance_and_response_coupled_growth/02_bootstrap_of_the_first_provenance_relation/011_C013__first_non_root_provenance_birth_v/SECTION.tex	derivation/supplement/sections/01_primitive_provenance_and_response_coupled_growth/02_bootstrap_of_the_first_provenance_relation/011_C013__first_non_root_provenance_birth_v/DOCUMENTATION.md	derivation/code/python/src/cnna/derivation/s01_primitive_response_coupled_finite_provenance/s02_bootstrap_of_the_first_relation/s04_c013__first_non_root_provenance_birth_v1.py	derivation/code/python/tests/derivation/s01_primitive_response_coupled_finite_provenance/s02_bootstrap_of_the_first_relation/test_s04_c013__first_non_root_provenance_birth_v1.py	derivation/code/lean/core/src/CNNA/Derivation/S01_PrimitiveResponseCoupledFiniteProvenance/S02_BootstrapOfTheFirstRelation/S04_C013_FirstNonRootProvenanceBirthV1.lean		13	C013
012	012 · T001	T001	1.2.5	D2	012_T001__seed_neutrality_theorem_for_first_birth	derivation/registry/nodes/T001.json	derivation/paper/main/sections/01_primitive_provenance_and_response_coupled_growth/02_bootstrap_of_the_first_provenance_relation/012_T001__seed_neutrality_theorem_for_first_birth/SECTION.tex	derivation/supplement/sections/01_primitive_provenance_and_response_coupled_growth/02_bootstrap_of_the_first_provenance_relation/012_T001__seed_neutrality_theorem_for_first_birth/DOCUMENTATION.md	derivation/code/python/src/cnna/derivation/s01_primitive_response_coupled_finite_provenance/s02_bootstrap_of_the_first_relation/s05_t001__seed_neutrality_theorem_for_first_birth.py	derivation/code/python/tests/derivation/s01_primitive_response_coupled_finite_provenance/s02_bootstrap_of_the_first_relation/test_s05_t001__seed_neutrality_theorem_for_first_birth.py	derivation/code/lean/core/src/CNNA/Derivation/S01_PrimitiveResponseCoupledFiniteProvenance/S02_BootstrapOfTheFirstRelation/S05_T001_SeedNeutralityTheoremForFirstBirth.lean		4	T001
013	013 · M005	M005	1.2.6	D2	013_M005__conductance_unit_normalization_independence	derivation/registry/nodes/M005.json	derivation/paper/main/sections/01_primitive_provenance_and_response_coupled_growth/02_bootstrap_of_the_first_provenance_relation/013_M005__conductance_unit_normalization_independence/SECTION.tex	derivation/supplement/sections/01_primitive_provenance_and_response_coupled_growth/02_bootstrap_of_the_first_provenance_relation/013_M005__conductance_unit_normalization_independence/DOCUMENTATION.md	derivation/code/python/src/cnna/derivation/s01_primitive_response_coupled_finite_provenance/s02_bootstrap_of_the_first_relation/s06_m005__conductance_unit_normalization_independence.py	derivation/code/python/tests/derivation/s01_primitive_response_coupled_finite_provenance/s02_bootstrap_of_the_first_relation/test_s06_m005__conductance_unit_normalization_independence.py	derivation/code/lean/core/src/CNNA/Derivation/S01_PrimitiveResponseCoupledFiniteProvenance/S02_BootstrapOfTheFirstRelation/S06_M005_ConductanceUnitNormalizationIndependence.lean		9	M005
014	014 · C014	C014	1.2.7	D1	014_C014__bootstrap_state_x_r_v_c_r_v_1	derivation/registry/nodes/C014.json	derivation/paper/main/sections/01_primitive_provenance_and_response_coupled_growth/02_bootstrap_of_the_first_provenance_relation/014_C014__bootstrap_state_x_r_v_c_r_v_1/SECTION.tex	derivation/supplement/sections/01_primitive_provenance_and_response_coupled_growth/02_bootstrap_of_the_first_provenance_relation/014_C014__bootstrap_state_x_r_v_c_r_v_1/DOCUMENTATION.md	derivation/code/python/src/cnna/derivation/s01_primitive_response_coupled_finite_provenance/s02_bootstrap_of_the_first_relation/s07_c014__bootstrap_state_x1_r_v1_c_r_v1_1.py	derivation/code/python/tests/derivation/s01_primitive_response_coupled_finite_provenance/s02_bootstrap_of_the_first_relation/test_s07_c014__bootstrap_state_x1_r_v1_c_r_v1_1.py	derivation/code/lean/core/src/CNNA/Derivation/S01_PrimitiveResponseCoupledFiniteProvenance/S02_BootstrapOfTheFirstRelation/S07_C014_BootstrapStateX1RV1CRV11.lean		12	C014
015	015 · C005	C005	1.3.1	D1	015_C005__response_capable_state_schema_x_n_1	derivation/registry/nodes/C005.json	derivation/paper/main/sections/01_primitive_provenance_and_response_coupled_growth/03_canonical_cut_complement_elimination_and_birth_steering/015_C005__response_capable_state_schema_x_n_1/SECTION.tex	derivation/supplement/sections/01_primitive_provenance_and_response_coupled_growth/03_canonical_cut_complement_elimination_and_birth_steering/015_C005__response_capable_state_schema_x_n_1/DOCUMENTATION.md	derivation/code/python/src/cnna/derivation/s01_primitive_response_coupled_finite_provenance/s03_recurrent_pre_birth_measurement_and_steering/s01_c005__response_capable_state_schema_xn_n_ge_1.py	derivation/code/python/tests/derivation/s01_primitive_response_coupled_finite_provenance/s03_recurrent_pre_birth_measurement_and_steering/test_s01_c005__response_capable_state_schema_xn_n_ge_1.py	derivation/code/lean/core/src/CNNA/Derivation/S01_PrimitiveResponseCoupledFiniteProvenance/S03_RecurrentPreBirthMeasurementAndSteering/S01_C005_ResponseCapableStateSchemaXnNGe1.lean		24	C005
016	016 · C004	C004	1.3.2	D1	016_C004__next_open_provenance_slot_s_n_1	derivation/registry/nodes/C004.json	derivation/paper/main/sections/01_primitive_provenance_and_response_coupled_growth/03_canonical_cut_complement_elimination_and_birth_steering/016_C004__next_open_provenance_slot_s_n_1/SECTION.tex	derivation/supplement/sections/01_primitive_provenance_and_response_coupled_growth/03_canonical_cut_complement_elimination_and_birth_steering/016_C004__next_open_provenance_slot_s_n_1/DOCUMENTATION.md	derivation/code/python/src/cnna/derivation/s01_primitive_response_coupled_finite_provenance/s03_recurrent_pre_birth_measurement_and_steering/s02_c004__next_open_provenance_slot_snplus1_n_ge_1.py	derivation/code/python/tests/derivation/s01_primitive_response_coupled_finite_provenance/s03_recurrent_pre_birth_measurement_and_steering/test_s02_c004__next_open_provenance_slot_snplus1_n_ge_1.py	derivation/code/lean/core/src/CNNA/Derivation/S01_PrimitiveResponseCoupledFiniteProvenance/S03_RecurrentPreBirthMeasurementAndSteering/S02_C004_NextOpenProvenanceSlotSnplus1NGe1.lean		42	C004
017	017 · C006	C006	1.3.3	D1	017_C006__birth_local_schur_dtn_primitive	derivation/registry/nodes/C006.json	derivation/paper/main/sections/01_primitive_provenance_and_response_coupled_growth/03_canonical_cut_complement_elimination_and_birth_steering/017_C006__birth_local_schur_dtn_primitive/SECTION.tex	derivation/supplement/sections/01_primitive_provenance_and_response_coupled_growth/03_canonical_cut_complement_elimination_and_birth_steering/017_C006__birth_local_schur_dtn_primitive/DOCUMENTATION.md	derivation/code/python/src/cnna/derivation/s01_primitive_response_coupled_finite_provenance/s03_recurrent_pre_birth_measurement_and_steering/s03_c006__birth_local_schur_dtn_primitive.py	derivation/code/python/tests/derivation/s01_primitive_response_coupled_finite_provenance/s03_recurrent_pre_birth_measurement_and_steering/test_s03_c006__birth_local_schur_dtn_primitive.py	derivation/code/lean/core/src/CNNA/Derivation/S01_PrimitiveResponseCoupledFiniteProvenance/S03_RecurrentPreBirthMeasurementAndSteering/S03_C006_BirthLocalSchurDtnPrimitive.lean		64	C006
018	018 · M001	M001	1.3.4	D2	018_M001__canonical_birth_local_measurement_cut_c_s	derivation/registry/nodes/M001.json	derivation/paper/main/sections/01_primitive_provenance_and_response_coupled_growth/03_canonical_cut_complement_elimination_and_birth_steering/018_M001__canonical_birth_local_measurement_cut_c_s/SECTION.tex	derivation/supplement/sections/01_primitive_provenance_and_response_coupled_growth/03_canonical_cut_complement_elimination_and_birth_steering/018_M001__canonical_birth_local_measurement_cut_c_s/DOCUMENTATION.md	derivation/code/python/src/cnna/derivation/s01_primitive_response_coupled_finite_provenance/s03_recurrent_pre_birth_measurement_and_steering/s04_m001__canonical_birth_local_measurement_cut_cn_snplus1.py	derivation/code/python/tests/derivation/s01_primitive_response_coupled_finite_provenance/s03_recurrent_pre_birth_measurement_and_steering/test_s04_m001__canonical_birth_local_measurement_cut_cn_snplus1.py	derivation/code/lean/core/src/CNNA/Derivation/S01_PrimitiveResponseCoupledFiniteProvenance/S03_RecurrentPreBirthMeasurementAndSteering/S04_M001_CanonicalBirthLocalMeasurementCutCnSnplus1.lean		37	M001
019	019 · P003	P003	1.3.4.1	D2	019_P003__birth_cut_canonicity_and_partition_well_formedness	derivation/registry/nodes/P003.json	derivation/paper/main/sections/01_primitive_provenance_and_response_coupled_growth/03_canonical_cut_complement_elimination_and_birth_steering/018_M001__canonical_birth_local_measurement_cut_c_s/019_P003__birth_cut_canonicity_and_partition_well_formedness/SECTION.tex	derivation/supplement/sections/01_primitive_provenance_and_response_coupled_growth/03_canonical_cut_complement_elimination_and_birth_steering/018_M001__canonical_birth_local_measurement_cut_c_s/019_P003__birth_cut_canonicity_and_partition_well_formedness/DOCUMENTATION.md	derivation/code/python/src/cnna/derivation/s01_primitive_response_coupled_finite_provenance/s03_recurrent_pre_birth_measurement_and_steering/s04_m001__canonical_birth_local_measurement_cut_cn_snplus1.py	derivation/code/python/tests/derivation/s01_primitive_response_coupled_finite_provenance/s03_recurrent_pre_birth_measurement_and_steering/test_s04_m001__canonical_birth_local_measurement_cut_cn_snplus1.py	derivation/code/lean/core/src/CNNA/Derivation/S01_PrimitiveResponseCoupledFiniteProvenance/S03_RecurrentPreBirthMeasurementAndSteering/S04_M001_CanonicalBirthLocalMeasurementCutCnSnplus1.lean		17	P003
020	020 · M002	M002	1.3.5	D2	020_M002__birth_cut_interior_domain_theorem	derivation/registry/nodes/M002.json	derivation/paper/main/sections/01_primitive_provenance_and_response_coupled_growth/03_canonical_cut_complement_elimination_and_birth_steering/020_M002__birth_cut_interior_domain_theorem/SECTION.tex	derivation/supplement/sections/01_primitive_provenance_and_response_coupled_growth/03_canonical_cut_complement_elimination_and_birth_steering/020_M002__birth_cut_interior_domain_theorem/DOCUMENTATION.md	derivation/code/python/src/cnna/derivation/s01_primitive_response_coupled_finite_provenance/s03_recurrent_pre_birth_measurement_and_steering/s05_m002__birth_cut_interior_domain_theorem.py	derivation/code/python/tests/derivation/s01_primitive_response_coupled_finite_provenance/s03_recurrent_pre_birth_measurement_and_steering/test_s05_m002__birth_cut_interior_domain_theorem.py	derivation/code/lean/core/src/CNNA/Derivation/S01_PrimitiveResponseCoupledFiniteProvenance/S03_RecurrentPreBirthMeasurementAndSteering/S05_M002_BirthCutInteriorDomainTheorem.lean		19	M002
021	021 · C007	C007	1.3.6	D1	021_C007__inter_birth_directed_response_r_s	derivation/registry/nodes/C007.json	derivation/paper/main/sections/01_primitive_provenance_and_response_coupled_growth/03_canonical_cut_complement_elimination_and_birth_steering/021_C007__inter_birth_directed_response_r_s/SECTION.tex	derivation/supplement/sections/01_primitive_provenance_and_response_coupled_growth/03_canonical_cut_complement_elimination_and_birth_steering/021_C007__inter_birth_directed_response_r_s/DOCUMENTATION.md	derivation/code/python/src/cnna/derivation/s01_primitive_response_coupled_finite_provenance/s03_recurrent_pre_birth_measurement_and_steering/s06_c007__inter_birth_directed_response_rn_snplus1.py	derivation/code/python/tests/derivation/s01_primitive_response_coupled_finite_provenance/s03_recurrent_pre_birth_measurement_and_steering/test_s06_c007__inter_birth_directed_response_rn_snplus1.py	derivation/code/lean/core/src/CNNA/Derivation/S01_PrimitiveResponseCoupledFiniteProvenance/S03_RecurrentPreBirthMeasurementAndSteering/S06_C007_InterBirthDirectedResponseRnSnplus1.lean		30	C007
022	022 · O001	O001	1.3.7	D2	022_O001__ist_response_independent_directed_bias_obstruction	derivation/registry/nodes/O001.json	derivation/paper/main/sections/01_primitive_provenance_and_response_coupled_growth/03_canonical_cut_complement_elimination_and_birth_steering/022_O001__ist_response_independent_directed_bias_obstruction/SECTION.tex	derivation/supplement/sections/01_primitive_provenance_and_response_coupled_growth/03_canonical_cut_complement_elimination_and_birth_steering/022_O001__ist_response_independent_directed_bias_obstruction/DOCUMENTATION.md	derivation/code/python/src/cnna/derivation/s01_primitive_response_coupled_finite_provenance/s03_recurrent_pre_birth_measurement_and_steering/s07_o001__ist_response_independent_directed_bias_obstruction.py	derivation/code/python/tests/derivation/s01_primitive_response_coupled_finite_provenance/s03_recurrent_pre_birth_measurement_and_steering/test_s07_o001__ist_response_independent_directed_bias_obstruction.py	derivation/code/lean/core/src/CNNA/Derivation/S01_PrimitiveResponseCoupledFiniteProvenance/S03_RecurrentPreBirthMeasurementAndSteering/S07_O001_IstResponseIndependentDirectedBiasObstruction.lean		40	O001
023	023 · C015	C015	1.3.8	D0	023_C015__active_linear_steering_mode_x_x	derivation/registry/nodes/C015.json	derivation/paper/main/sections/01_primitive_provenance_and_response_coupled_growth/03_canonical_cut_complement_elimination_and_birth_steering/023_C015__active_linear_steering_mode_x_x/SECTION.tex	derivation/supplement/sections/01_primitive_provenance_and_response_coupled_growth/03_canonical_cut_complement_elimination_and_birth_steering/023_C015__active_linear_steering_mode_x_x/DOCUMENTATION.md	derivation/code/python/src/cnna/derivation/s01_primitive_response_coupled_finite_provenance/s03_recurrent_pre_birth_measurement_and_steering/s08_c015__active_linear_steering_mode_phi_x_x.py	derivation/code/python/tests/derivation/s01_primitive_response_coupled_finite_provenance/s03_recurrent_pre_birth_measurement_and_steering/test_s08_c015__active_linear_steering_mode_phi_x_x.py	derivation/code/lean/core/src/CNNA/Derivation/S01_PrimitiveResponseCoupledFiniteProvenance/S03_RecurrentPreBirthMeasurementAndSteering/S08_C015_ActiveLinearSteeringModePhiXX.lean		5	C015
024	024 · M003	M003	1.3.9	D2	024_M003__canonical_response_steering_functional_b_r_s	derivation/registry/nodes/M003.json	derivation/paper/main/sections/01_primitive_provenance_and_response_coupled_growth/03_canonical_cut_complement_elimination_and_birth_steering/024_M003__canonical_response_steering_functional_b_r_s/SECTION.tex	derivation/supplement/sections/01_primitive_provenance_and_response_coupled_growth/03_canonical_cut_complement_elimination_and_birth_steering/024_M003__canonical_response_steering_functional_b_r_s/DOCUMENTATION.md	derivation/code/python/src/cnna/derivation/s01_primitive_response_coupled_finite_provenance/s03_recurrent_pre_birth_measurement_and_steering/s09_m003__canonical_response_steering_functional_sigma_b_rn_s.py	derivation/code/python/tests/derivation/s01_primitive_response_coupled_finite_provenance/s03_recurrent_pre_birth_measurement_and_steering/test_s09_m003__canonical_response_steering_functional_sigma_b_rn_s.py	derivation/code/lean/core/src/CNNA/Derivation/S01_PrimitiveResponseCoupledFiniteProvenance/S03_RecurrentPreBirthMeasurementAndSteering/S09_M003_CanonicalResponseSteeringFunctionalSigmaBRnS.lean	derivation/code/lean/proofs/src/CNNAProofs/M003M004/S01_CanonicalM003Closure.lean	36	M003
025	025 · P001	P001	1.3.9.1	D2	025_P001__reusable_directed_schur_dtn_kron_channel_closure	derivation/registry/nodes/P001.json	derivation/paper/main/sections/01_primitive_provenance_and_response_coupled_growth/03_canonical_cut_complement_elimination_and_birth_steering/024_M003__canonical_response_steering_functional_b_r_s/025_P001__reusable_directed_schur_dtn_kron_channel_closure/SECTION.tex	derivation/supplement/sections/01_primitive_provenance_and_response_coupled_growth/03_canonical_cut_complement_elimination_and_birth_steering/024_M003__canonical_response_steering_functional_b_r_s/025_P001__reusable_directed_schur_dtn_kron_channel_closure/DOCUMENTATION.md				derivation/code/lean/proofs/src/CNNAProofs/P001/S04_ResponseWellDefinedness.lean;derivation/code/lean/proofs/src/CNNAProofs/P001/S02_DirectedMaximumPrinciple.lean;derivation/code/lean/proofs/src/CNNAProofs/P001/S05_ResponseDirectedLaplacian.lean;derivation/code/lean/proofs/src/CNNAProofs/P001/S03_FiniteLinearWellPosedness.lean;derivation/code/lean/proofs/src/CNNAProofs/P001/DirectedSchurDtnKronChannelClosure.lean;derivation/code/lean/proofs/src/CNNAProofs/P001/S01_ExactSemanticBridge.lean;derivation/code/lean/proofs/src/CNNAProofs/P001/S06_DistinguishedPortStrictPositivity.lean;derivation/code/lean/proofs/src/CNNAProofs/P001/S07_CanonicalBirthCutInstantiation.lean;derivation/code/lean/proofs/src/CNNAProofs/P001/S08_CanonicalDirectedMatrixStructure.lean;derivation/code/lean/proofs/src/CNNAProofs/P001/S09_CanonicalBackboneReachability.lean;derivation/code/lean/proofs/src/CNNAProofs/P001/S10_M003M004ProofFacades.lean;derivation/code/lean/proofs/src/CNNAProofs/P001/S11_IndependentBidirectedChainCutReuse.lean	179	P001
026	026 · M004	M004	1.3.10	D1	026_M004__response_coupled_birth_law_b	derivation/registry/nodes/M004.json	derivation/paper/main/sections/01_primitive_provenance_and_response_coupled_growth/03_canonical_cut_complement_elimination_and_birth_steering/026_M004__response_coupled_birth_law_b/SECTION.tex	derivation/supplement/sections/01_primitive_provenance_and_response_coupled_growth/03_canonical_cut_complement_elimination_and_birth_steering/026_M004__response_coupled_birth_law_b/DOCUMENTATION.md	derivation/code/python/src/cnna/derivation/s01_primitive_response_coupled_finite_provenance/s03_recurrent_pre_birth_measurement_and_steering/s10_m004__response_coupled_birth_law_birthlaw_b.py	derivation/code/python/tests/derivation/s01_primitive_response_coupled_finite_provenance/s03_recurrent_pre_birth_measurement_and_steering/test_s10_m004__response_coupled_birth_law_birthlaw_b.py	derivation/code/lean/core/src/CNNA/Derivation/S01_PrimitiveResponseCoupledFiniteProvenance/S03_RecurrentPreBirthMeasurementAndSteering/S10_M004_ResponseCoupledBirthLawBirthlawB.lean	derivation/code/lean/proofs/src/CNNAProofs/M003M004/S02_CanonicalM004ClosureAndHandoff.lean	46	M004
027	027 · C008	C008	1.4.1	D1	027_C008__record_live_response_coupled_update	derivation/registry/nodes/C008.json	derivation/paper/main/sections/01_primitive_provenance_and_response_coupled_growth/04_record_live_update_backreaction_channels_and_finite_closure/027_C008__record_live_response_coupled_update/SECTION.tex	derivation/supplement/sections/01_primitive_provenance_and_response_coupled_growth/04_record_live_update_backreaction_channels_and_finite_closure/027_C008__record_live_response_coupled_update/DOCUMENTATION.md	derivation/code/python/src/cnna/derivation/s01_primitive_response_coupled_finite_provenance/s04_record_live_update_backreaction_channels_and_finite_closure/s01_c008__record_live_response_coupled_update.py	derivation/code/python/tests/derivation/s01_primitive_response_coupled_finite_provenance/s04_record_live_update_backreaction_channels_and_finite_closure/test_s01_c008__record_live_response_coupled_update.py	derivation/code/lean/core/src/CNNA/Derivation/S01_PrimitiveResponseCoupledFiniteProvenance/S04_RecordLiveUpdateBackreactionChannelsAndFiniteClosure/S01_C008_RecordLiveResponseCoupledUpdate.lean	derivation/code/lean/proofs/src/CNNAProofs/C008/S01_CanonicalRecordLiveUpdateClosure.lean	22	C008
028	028 · C016	C016	1.4.2	D1	028_C016__immutable_record_channel	derivation/registry/nodes/C016.json	derivation/paper/main/sections/01_primitive_provenance_and_response_coupled_growth/04_record_live_update_backreaction_channels_and_finite_closure/028_C016__immutable_record_channel/SECTION.tex	derivation/supplement/sections/01_primitive_provenance_and_response_coupled_growth/04_record_live_update_backreaction_channels_and_finite_closure/028_C016__immutable_record_channel/DOCUMENTATION.md	derivation/code/python/src/cnna/derivation/s01_primitive_response_coupled_finite_provenance/s04_record_live_update_backreaction_channels_and_finite_closure/s02_c016__immutable_record_channel.py	derivation/code/python/tests/derivation/s01_primitive_response_coupled_finite_provenance/s04_record_live_update_backreaction_channels_and_finite_closure/test_s02_c016__immutable_record_channel.py	derivation/code/lean/core/src/CNNA/Derivation/S01_PrimitiveResponseCoupledFiniteProvenance/S04_RecordLiveUpdateBackreactionChannelsAndFiniteClosure/S02_C016_ImmutableRecordChannel.lean	derivation/code/lean/proofs/src/CNNAProofs/C016C017/S01_CanonicalRecordLiveChannelProjectionClosure.lean	12	C016
029	029 · C017	C017	1.4.3	D1	029_C017__current_live_channel	derivation/registry/nodes/C017.json	derivation/paper/main/sections/01_primitive_provenance_and_response_coupled_growth/04_record_live_update_backreaction_channels_and_finite_closure/029_C017__current_live_channel/SECTION.tex	derivation/supplement/sections/01_primitive_provenance_and_response_coupled_growth/04_record_live_update_backreaction_channels_and_finite_closure/029_C017__current_live_channel/DOCUMENTATION.md	derivation/code/python/src/cnna/derivation/s01_primitive_response_coupled_finite_provenance/s04_record_live_update_backreaction_channels_and_finite_closure/s03_c017__current_live_channel.py	derivation/code/python/tests/derivation/s01_primitive_response_coupled_finite_provenance/s04_record_live_update_backreaction_channels_and_finite_closure/test_s03_c017__current_live_channel.py	derivation/code/lean/core/src/CNNA/Derivation/S01_PrimitiveResponseCoupledFiniteProvenance/S04_RecordLiveUpdateBackreactionChannelsAndFiniteClosure/S03_C017_CurrentLiveChannel.lean	derivation/code/lean/proofs/src/CNNAProofs/C016C017/S01_CanonicalRecordLiveChannelProjectionClosure.lean	12	C017
030	030 · C009	C009	1.4.4	D1	030_C009__codomain_state_x	derivation/registry/nodes/C009.json	derivation/paper/main/sections/01_primitive_provenance_and_response_coupled_growth/04_record_live_update_backreaction_channels_and_finite_closure/030_C009__codomain_state_x/SECTION.tex	derivation/supplement/sections/01_primitive_provenance_and_response_coupled_growth/04_record_live_update_backreaction_channels_and_finite_closure/030_C009__codomain_state_x/DOCUMENTATION.md	derivation/code/python/src/cnna/derivation/s01_primitive_response_coupled_finite_provenance/s04_record_live_update_backreaction_channels_and_finite_closure/s04_c009__codomain_state_x.py	derivation/code/python/tests/derivation/s01_primitive_response_coupled_finite_provenance/s04_record_live_update_backreaction_channels_and_finite_closure/test_s04_c009__codomain_state_x.py	derivation/code/lean/core/src/CNNA/Derivation/S01_PrimitiveResponseCoupledFiniteProvenance/S04_RecordLiveUpdateBackreactionChannelsAndFiniteClosure/S04_C009_CodomainStateX.lean	derivation/code/lean/proofs/src/CNNAProofs/C009/S01_CanonicalCodomainStateAssemblyClosure.lean	14	C009
031	031 · T002	T002	1.4.5	D2	031_T002__recurrent_state_closure_theorem	derivation/registry/nodes/T002.json	derivation/paper/main/sections/01_primitive_provenance_and_response_coupled_growth/04_record_live_update_backreaction_channels_and_finite_closure/031_T002__recurrent_state_closure_theorem/SECTION.tex	derivation/supplement/sections/01_primitive_provenance_and_response_coupled_growth/04_record_live_update_backreaction_channels_and_finite_closure/031_T002__recurrent_state_closure_theorem/DOCUMENTATION.md					0	T002
032	032 · T003	T003	1.4.6	D2	032_T003__provenance_label_equivariance_and_no_hard_coded_rank_bias_theorem	derivation/registry/nodes/T003.json	derivation/paper/main/sections/01_primitive_provenance_and_response_coupled_growth/04_record_live_update_backreaction_channels_and_finite_closure/032_T003__provenance_label_equivariance_and_no_hard_coded_rank_bias_theorem/SECTION.tex	derivation/supplement/sections/01_primitive_provenance_and_response_coupled_growth/04_record_live_update_backreaction_channels_and_finite_closure/032_T003__provenance_label_equivariance_and_no_hard_coded_rank_bias_theorem/DOCUMENTATION.md					0	T003
033	033 · C010	C010	1.5.1	D0	033_C010__provenance_event_index	derivation/registry/nodes/C010.json	derivation/paper/main/sections/01_primitive_provenance_and_response_coupled_growth/05_event_order_response_order_and_finite_completion/033_C010__provenance_event_index/SECTION.tex	derivation/supplement/sections/01_primitive_provenance_and_response_coupled_growth/05_event_order_response_order_and_finite_completion/033_C010__provenance_event_index/DOCUMENTATION.md					0	C010
034	034 · N002	N002	1.5.2	D0	034_N002__response_time_origin_t_0	derivation/registry/nodes/N002.json	derivation/paper/main/sections/01_primitive_provenance_and_response_coupled_growth/05_event_order_response_order_and_finite_completion/034_N002__response_time_origin_t_0/SECTION.tex	derivation/supplement/sections/01_primitive_provenance_and_response_coupled_growth/05_event_order_response_order_and_finite_completion/034_N002__response_time_origin_t_0/DOCUMENTATION.md					0	N002
035	035 · C011	C011	1.5.3	D1	035_C011__response_derived_birth_lapse	derivation/registry/nodes/C011.json	derivation/paper/main/sections/01_primitive_provenance_and_response_coupled_growth/05_event_order_response_order_and_finite_completion/035_C011__response_derived_birth_lapse/SECTION.tex	derivation/supplement/sections/01_primitive_provenance_and_response_coupled_growth/05_event_order_response_order_and_finite_completion/035_C011__response_derived_birth_lapse/DOCUMENTATION.md					0	C011
036	036 · C012	C012	1.5.4	D1	036_C012__cumulative_response_derived_birth_time_t	derivation/registry/nodes/C012.json	derivation/paper/main/sections/01_primitive_provenance_and_response_coupled_growth/05_event_order_response_order_and_finite_completion/036_C012__cumulative_response_derived_birth_time_t/SECTION.tex	derivation/supplement/sections/01_primitive_provenance_and_response_coupled_growth/05_event_order_response_order_and_finite_completion/036_C012__cumulative_response_derived_birth_time_t/DOCUMENTATION.md					0	C012
037	037 · C019	C019	1.5.5	D2	037_C019__completed_finite_response_grown_carrier_x_b_l	derivation/registry/nodes/C019.json	derivation/paper/main/sections/01_primitive_provenance_and_response_coupled_growth/05_event_order_response_order_and_finite_completion/037_C019__completed_finite_response_grown_carrier_x_b_l/SECTION.tex	derivation/supplement/sections/01_primitive_provenance_and_response_coupled_growth/05_event_order_response_order_and_finite_completion/037_C019__completed_finite_response_grown_carrier_x_b_l/DOCUMENTATION.md					0	C019
038	038 · P004	P004	1.5.5.1	D2	038_P004__finite_schedule_exhaustivity_and_termination	derivation/registry/nodes/P004.json	derivation/paper/main/sections/01_primitive_provenance_and_response_coupled_growth/05_event_order_response_order_and_finite_completion/037_C019__completed_finite_response_grown_carrier_x_b_l/038_P004__finite_schedule_exhaustivity_and_termination/SECTION.tex	derivation/supplement/sections/01_primitive_provenance_and_response_coupled_growth/05_event_order_response_order_and_finite_completion/037_C019__completed_finite_response_grown_carrier_x_b_l/038_P004__finite_schedule_exhaustivity_and_termination/DOCUMENTATION.md					0	P004
039	039 · P005	P005	1.5.5.2	D2	039_P005__iterated_recurrent_growth_existence_and_uniqueness	derivation/registry/nodes/P005.json	derivation/paper/main/sections/01_primitive_provenance_and_response_coupled_growth/05_event_order_response_order_and_finite_completion/037_C019__completed_finite_response_grown_carrier_x_b_l/039_P005__iterated_recurrent_growth_existence_and_uniqueness/SECTION.tex	derivation/supplement/sections/01_primitive_provenance_and_response_coupled_growth/05_event_order_response_order_and_finite_completion/037_C019__completed_finite_response_grown_carrier_x_b_l/039_P005__iterated_recurrent_growth_existence_and_uniqueness/DOCUMENTATION.md					0	P005
040	040 · P006	P006	1.5.5.3	D2	040_P006__completed_event_lapse_and_response_time_history_coherence	derivation/registry/nodes/P006.json	derivation/paper/main/sections/01_primitive_provenance_and_response_coupled_growth/05_event_order_response_order_and_finite_completion/037_C019__completed_finite_response_grown_carrier_x_b_l/040_P006__completed_event_lapse_and_response_time_history_coherence/SECTION.tex	derivation/supplement/sections/01_primitive_provenance_and_response_coupled_growth/05_event_order_response_order_and_finite_completion/037_C019__completed_finite_response_grown_carrier_x_b_l/040_P006__completed_event_lapse_and_response_time_history_coherence/DOCUMENTATION.md					0	P006
041	041 · O002	O002	1.6.1	D2	041_O002__ist_post_hoc_sym_control_obstruction	derivation/registry/nodes/O002.json	derivation/paper/main/sections/01_primitive_provenance_and_response_coupled_growth/06_controls_and_excluded_non_derived_mechanisms/041_O002__ist_post_hoc_sym_control_obstruction/SECTION.tex	derivation/supplement/sections/01_primitive_provenance_and_response_coupled_growth/06_controls_and_excluded_non_derived_mechanisms/041_O002__ist_post_hoc_sym_control_obstruction/DOCUMENTATION.md					0	O002
042	042 · CTRL001	CTRL001	1.6.2	D0	042_CTRL001__symmetric_null_steering_control	derivation/registry/nodes/CTRL001.json	derivation/paper/main/sections/01_primitive_provenance_and_response_coupled_growth/06_controls_and_excluded_non_derived_mechanisms/042_CTRL001__symmetric_null_steering_control/SECTION.tex	derivation/supplement/sections/01_primitive_provenance_and_response_coupled_growth/06_controls_and_excluded_non_derived_mechanisms/042_CTRL001__symmetric_null_steering_control/DOCUMENTATION.md					0	CTRL001
043	043 · CTRL002	CTRL002	1.6.3	D2	043_CTRL002__null_control_edge_indistinguishability_theorem_test	derivation/registry/nodes/CTRL002.json	derivation/paper/main/sections/01_primitive_provenance_and_response_coupled_growth/06_controls_and_excluded_non_derived_mechanisms/043_CTRL002__null_control_edge_indistinguishability_theorem_test/SECTION.tex	derivation/supplement/sections/01_primitive_provenance_and_response_coupled_growth/06_controls_and_excluded_non_derived_mechanisms/043_CTRL002__null_control_edge_indistinguishability_theorem_test/DOCUMENTATION.md					0	CTRL002
044	044 · CTRL003	CTRL003	1.6.4	D0	044_CTRL003__log_response_mode_robustness_control	derivation/registry/nodes/CTRL003.json	derivation/paper/main/sections/01_primitive_provenance_and_response_coupled_growth/06_controls_and_excluded_non_derived_mechanisms/044_CTRL003__log_response_mode_robustness_control/SECTION.tex	derivation/supplement/sections/01_primitive_provenance_and_response_coupled_growth/06_controls_and_excluded_non_derived_mechanisms/044_CTRL003__log_response_mode_robustness_control/DOCUMENTATION.md					0	CTRL003
045	045 · CTRL004	CTRL004	1.6.5	D0	045_CTRL004__saturating_response_mode_robustness_control	derivation/registry/nodes/CTRL004.json	derivation/paper/main/sections/01_primitive_provenance_and_response_coupled_growth/06_controls_and_excluded_non_derived_mechanisms/045_CTRL004__saturating_response_mode_robustness_control/SECTION.tex	derivation/supplement/sections/01_primitive_provenance_and_response_coupled_growth/06_controls_and_excluded_non_derived_mechanisms/045_CTRL004__saturating_response_mode_robustness_control/DOCUMENTATION.md					0	CTRL004
046	046 · C020	C020	2.1.1	D2	046_C020__general_admissible_boundary_interior_cut_family	derivation/registry/nodes/C020.json	derivation/paper/main/sections/02_cut_relative_complement_elimination_and_effective_response/01_general_cuts_complement_elimination_and_naturality/046_C020__general_admissible_boundary_interior_cut_family/SECTION.tex	derivation/supplement/sections/02_cut_relative_complement_elimination_and_effective_response/01_general_cuts_complement_elimination_and_naturality/046_C020__general_admissible_boundary_interior_cut_family/DOCUMENTATION.md					0	C020
047	047 · P007	P007	2.1.1.1	D2	047_P007__general_admissible_cut_partition_and_canonicity	derivation/registry/nodes/P007.json	derivation/paper/main/sections/02_cut_relative_complement_elimination_and_effective_response/01_general_cuts_complement_elimination_and_naturality/046_C020__general_admissible_boundary_interior_cut_family/047_P007__general_admissible_cut_partition_and_canonicity/SECTION.tex	derivation/supplement/sections/02_cut_relative_complement_elimination_and_effective_response/01_general_cuts_complement_elimination_and_naturality/046_C020__general_admissible_boundary_interior_cut_family/047_P007__general_admissible_cut_partition_and_canonicity/DOCUMENTATION.md					0	P007
048	048 · C021	C021	2.1.2	D2	048_C021__general_directed_schur_dtn_response	derivation/registry/nodes/C021.json	derivation/paper/main/sections/02_cut_relative_complement_elimination_and_effective_response/01_general_cuts_complement_elimination_and_naturality/048_C021__general_directed_schur_dtn_response/SECTION.tex	derivation/supplement/sections/02_cut_relative_complement_elimination_and_effective_response/01_general_cuts_complement_elimination_and_naturality/048_C021__general_directed_schur_dtn_response/DOCUMENTATION.md					0	C021
049	049 · P008	P008	2.1.2.1	D2	049_P008__general_interior_solve_existence_and_uniqueness	derivation/registry/nodes/P008.json	derivation/paper/main/sections/02_cut_relative_complement_elimination_and_effective_response/01_general_cuts_complement_elimination_and_naturality/048_C021__general_directed_schur_dtn_response/049_P008__general_interior_solve_existence_and_uniqueness/SECTION.tex	derivation/supplement/sections/02_cut_relative_complement_elimination_and_effective_response/01_general_cuts_complement_elimination_and_naturality/048_C021__general_directed_schur_dtn_response/049_P008__general_interior_solve_existence_and_uniqueness/DOCUMENTATION.md					0	P008
050	050 · P009	P009	2.1.2.2	D2	050_P009__general_schur_dtn_response_well_definedness	derivation/registry/nodes/P009.json	derivation/paper/main/sections/02_cut_relative_complement_elimination_and_effective_response/01_general_cuts_complement_elimination_and_naturality/048_C021__general_directed_schur_dtn_response/050_P009__general_schur_dtn_response_well_definedness/SECTION.tex	derivation/supplement/sections/02_cut_relative_complement_elimination_and_effective_response/01_general_cuts_complement_elimination_and_naturality/048_C021__general_directed_schur_dtn_response/050_P009__general_schur_dtn_response_well_definedness/DOCUMENTATION.md					0	P009
051	051 · P010	P010	2.1.2.3	D2	051_P010__directed_kron_structural_and_positivity_preservation	derivation/registry/nodes/P010.json	derivation/paper/main/sections/02_cut_relative_complement_elimination_and_effective_response/01_general_cuts_complement_elimination_and_naturality/048_C021__general_directed_schur_dtn_response/051_P010__directed_kron_structural_and_positivity_preservation/SECTION.tex	derivation/supplement/sections/02_cut_relative_complement_elimination_and_effective_response/01_general_cuts_complement_elimination_and_naturality/048_C021__general_directed_schur_dtn_response/051_P010__directed_kron_structural_and_positivity_preservation/DOCUMENTATION.md					0	P010
052	052 · C022	C022	2.1.3	D2	052_C022__schur_nesting_common_ambient_naturality	derivation/registry/nodes/C022.json	derivation/paper/main/sections/02_cut_relative_complement_elimination_and_effective_response/01_general_cuts_complement_elimination_and_naturality/052_C022__schur_nesting_common_ambient_naturality/SECTION.tex	derivation/supplement/sections/02_cut_relative_complement_elimination_and_effective_response/01_general_cuts_complement_elimination_and_naturality/052_C022__schur_nesting_common_ambient_naturality/DOCUMENTATION.md					0	C022
053	053 · C023	C023	2.2.1	D0	053_C023__symmetric_skew_response_split_s_a	derivation/registry/nodes/C023.json	derivation/paper/main/sections/02_cut_relative_complement_elimination_and_effective_response/02_record_live_response_split_and_backreaction/053_C023__symmetric_skew_response_split_s_a/SECTION.tex	derivation/supplement/sections/02_cut_relative_complement_elimination_and_effective_response/02_record_live_response_split_and_backreaction/053_C023__symmetric_skew_response_split_s_a/DOCUMENTATION.md					0	C023
054	054 · C024	C024	2.2.2	D0	054_C024__backreaction_current_b_a_live_a_record	derivation/registry/nodes/C024.json	derivation/paper/main/sections/02_cut_relative_complement_elimination_and_effective_response/02_record_live_response_split_and_backreaction/054_C024__backreaction_current_b_a_live_a_record/SECTION.tex	derivation/supplement/sections/02_cut_relative_complement_elimination_and_effective_response/02_record_live_response_split_and_backreaction/054_C024__backreaction_current_b_a_live_a_record/DOCUMENTATION.md					0	C024
055	055 · C025	C025	2.3.1	D2	055_C025__canonical_regional_response_carrier	derivation/registry/nodes/C025.json	derivation/paper/main/sections/02_cut_relative_complement_elimination_and_effective_response/03_regional_effective_response_carrier/055_C025__canonical_regional_response_carrier/SECTION.tex	derivation/supplement/sections/02_cut_relative_complement_elimination_and_effective_response/03_regional_effective_response_carrier/055_C025__canonical_regional_response_carrier/DOCUMENTATION.md					0	C025
056	056 · P011	P011	2.3.1.1	D2	056_P011__regional_response_restriction_canonicity_and_functoriality	derivation/registry/nodes/P011.json	derivation/paper/main/sections/02_cut_relative_complement_elimination_and_effective_response/03_regional_effective_response_carrier/055_C025__canonical_regional_response_carrier/056_P011__regional_response_restriction_canonicity_and_functoriality/SECTION.tex	derivation/supplement/sections/02_cut_relative_complement_elimination_and_effective_response/03_regional_effective_response_carrier/055_C025__canonical_regional_response_carrier/056_P011__regional_response_restriction_canonicity_and_functoriality/DOCUMENTATION.md					0	P011
057	057 · M030	M030	3.1.1	D2	057_M030__canonical_effective_f1_f2_role_functor	derivation/registry/nodes/M030.json	derivation/paper/main/sections/03_directed_effective_response_algebra/01_canonical_effective_role_plane/057_M030__canonical_effective_f1_f2_role_functor/SECTION.tex	derivation/supplement/sections/03_directed_effective_response_algebra/01_canonical_effective_role_plane/057_M030__canonical_effective_f1_f2_role_functor/DOCUMENTATION.md					0	M030
058	058 · P012	P012	3.1.1.1	D2	058_P012__effective_role_plane_rank_and_nondegeneracy	derivation/registry/nodes/P012.json	derivation/paper/main/sections/03_directed_effective_response_algebra/01_canonical_effective_role_plane/057_M030__canonical_effective_f1_f2_role_functor/058_P012__effective_role_plane_rank_and_nondegeneracy/SECTION.tex	derivation/supplement/sections/03_directed_effective_response_algebra/01_canonical_effective_role_plane/057_M030__canonical_effective_f1_f2_role_functor/058_P012__effective_role_plane_rank_and_nondegeneracy/DOCUMENTATION.md					0	P012
059	059 · P013	P013	3.1.1.2	D2	059_P013__role_functor_naturality_equivariance_and_uniqueness	derivation/registry/nodes/P013.json	derivation/paper/main/sections/03_directed_effective_response_algebra/01_canonical_effective_role_plane/057_M030__canonical_effective_f1_f2_role_functor/059_P013__role_functor_naturality_equivariance_and_uniqueness/SECTION.tex	derivation/supplement/sections/03_directed_effective_response_algebra/01_canonical_effective_role_plane/057_M030__canonical_effective_f1_f2_role_functor/059_P013__role_functor_naturality_equivariance_and_uniqueness/DOCUMENTATION.md					0	P013
060	060 · C032	C032	3.2.1	D2	060_C032__canonical_local_operator_support_carrier	derivation/registry/nodes/C032.json	derivation/paper/main/sections/03_directed_effective_response_algebra/02_local_operator_and_effect_support_carrier/060_C032__canonical_local_operator_support_carrier/SECTION.tex	derivation/supplement/sections/03_directed_effective_response_algebra/02_local_operator_and_effect_support_carrier/060_C032__canonical_local_operator_support_carrier/DOCUMENTATION.md					0	C032
061	061 · P014	P014	3.2.1.1	D2	061_P014__local_support_carrier_and_projector_coherence	derivation/registry/nodes/P014.json	derivation/paper/main/sections/03_directed_effective_response_algebra/02_local_operator_and_effect_support_carrier/060_C032__canonical_local_operator_support_carrier/061_P014__local_support_carrier_and_projector_coherence/SECTION.tex	derivation/supplement/sections/03_directed_effective_response_algebra/02_local_operator_and_effect_support_carrier/060_C032__canonical_local_operator_support_carrier/061_P014__local_support_carrier_and_projector_coherence/DOCUMENTATION.md					0	P014
062	062 · C033	C033	3.3.1	D2	062_C033__response_generated_finite_algebraic_closure	derivation/registry/nodes/C033.json	derivation/paper/main/sections/03_directed_effective_response_algebra/03_response_generated_algebraic_closure/062_C033__response_generated_finite_algebraic_closure/SECTION.tex	derivation/supplement/sections/03_directed_effective_response_algebra/03_response_generated_algebraic_closure/062_C033__response_generated_finite_algebraic_closure/DOCUMENTATION.md					0	C033
063	063 · P015	P015	3.3.1.1	D2	063_P015__finite_response_algebra_closure_and_exact_stabilization	derivation/registry/nodes/P015.json	derivation/paper/main/sections/03_directed_effective_response_algebra/03_response_generated_algebraic_closure/062_C033__response_generated_finite_algebraic_closure/063_P015__finite_response_algebra_closure_and_exact_stabilization/SECTION.tex	derivation/supplement/sections/03_directed_effective_response_algebra/03_response_generated_algebraic_closure/062_C033__response_generated_finite_algebraic_closure/063_P015__finite_response_algebra_closure_and_exact_stabilization/DOCUMENTATION.md					0	P015
064	064 · M031	M031	3.4.1	D2	064_M031__intrinsic_directed_response_algebra	derivation/registry/nodes/M031.json	derivation/paper/main/sections/03_directed_effective_response_algebra/04_intrinsic_directed_response_algebra/064_M031__intrinsic_directed_response_algebra/SECTION.tex	derivation/supplement/sections/03_directed_effective_response_algebra/04_intrinsic_directed_response_algebra/064_M031__intrinsic_directed_response_algebra/DOCUMENTATION.md					0	M031
065	065 · P016	P016	3.4.1.1	D2	065_P016__intrinsic_generator_independence_and_canonical_algebra_equivalence	derivation/registry/nodes/P016.json	derivation/paper/main/sections/03_directed_effective_response_algebra/04_intrinsic_directed_response_algebra/064_M031__intrinsic_directed_response_algebra/065_P016__intrinsic_generator_independence_and_canonical_algebra_equivalence/SECTION.tex	derivation/supplement/sections/03_directed_effective_response_algebra/04_intrinsic_directed_response_algebra/064_M031__intrinsic_directed_response_algebra/065_P016__intrinsic_generator_independence_and_canonical_algebra_equivalence/DOCUMENTATION.md					0	P016
066	066 · O048	O048	3.5.1	D2	066_O048__finite_cyclicity_dimension_rank_obstruction	derivation/registry/nodes/O048.json	derivation/paper/main/sections/03_directed_effective_response_algebra/05_finite_algebraic_obstruction_boundary/066_O048__finite_cyclicity_dimension_rank_obstruction/SECTION.tex	derivation/supplement/sections/03_directed_effective_response_algebra/05_finite_algebraic_obstruction_boundary/066_O048__finite_cyclicity_dimension_rank_obstruction/DOCUMENTATION.md					0	O048
067	067 · C040	C040	4.1.1	D2	067_C040__inverse_depth_cauchy_hilbert_ancestor_carrier_h	derivation/registry/nodes/C040.json	derivation/paper/main/sections/04_projective_refinement_and_nested_open_channels/01_exact_cauchy_carrier_and_factorization/067_C040__inverse_depth_cauchy_hilbert_ancestor_carrier_h/SECTION.tex	derivation/supplement/sections/04_projective_refinement_and_nested_open_channels/01_exact_cauchy_carrier_and_factorization/067_C040__inverse_depth_cauchy_hilbert_ancestor_carrier_h/DOCUMENTATION.md					0	C040
068	068 · P017	P017	4.1.1.1	D2	068_P017__exact_inverse_depth_cauchy_hilbert_identification	derivation/registry/nodes/P017.json	derivation/paper/main/sections/04_projective_refinement_and_nested_open_channels/01_exact_cauchy_carrier_and_factorization/067_C040__inverse_depth_cauchy_hilbert_ancestor_carrier_h/068_P017__exact_inverse_depth_cauchy_hilbert_identification/SECTION.tex	derivation/supplement/sections/04_projective_refinement_and_nested_open_channels/01_exact_cauchy_carrier_and_factorization/067_C040__inverse_depth_cauchy_hilbert_ancestor_carrier_h/068_P017__exact_inverse_depth_cauchy_hilbert_identification/DOCUMENTATION.md					0	P017
069	069 · P018	P018	4.1.1.2	D2	069_P018__cauchy_determinant_nondegeneracy_and_rank	derivation/registry/nodes/P018.json	derivation/paper/main/sections/04_projective_refinement_and_nested_open_channels/01_exact_cauchy_carrier_and_factorization/067_C040__inverse_depth_cauchy_hilbert_ancestor_carrier_h/069_P018__cauchy_determinant_nondegeneracy_and_rank/SECTION.tex	derivation/supplement/sections/04_projective_refinement_and_nested_open_channels/01_exact_cauchy_carrier_and_factorization/067_C040__inverse_depth_cauchy_hilbert_ancestor_carrier_h/069_P018__cauchy_determinant_nondegeneracy_and_rank/DOCUMENTATION.md					0	P018
070	070 · C041	C041	4.1.2	D2	070_C041__exact_pre_post_schur_factorization_m_a_eff_h	derivation/registry/nodes/C041.json	derivation/paper/main/sections/04_projective_refinement_and_nested_open_channels/01_exact_cauchy_carrier_and_factorization/070_C041__exact_pre_post_schur_factorization_m_a_eff_h/SECTION.tex	derivation/supplement/sections/04_projective_refinement_and_nested_open_channels/01_exact_cauchy_carrier_and_factorization/070_C041__exact_pre_post_schur_factorization_m_a_eff_h/DOCUMENTATION.md					0	C041
071	071 · C042	C042	4.2.1	D2	071_C042__canonical_schedule_ancestor_return_rank_closure	derivation/registry/nodes/C042.json	derivation/paper/main/sections/04_projective_refinement_and_nested_open_channels/02_canonical_schedule_rank_closure/071_C042__canonical_schedule_ancestor_return_rank_closure/SECTION.tex	derivation/supplement/sections/04_projective_refinement_and_nested_open_channels/02_canonical_schedule_rank_closure/071_C042__canonical_schedule_ancestor_return_rank_closure/DOCUMENTATION.md					0	C042
072	072 · CTRL005	CTRL005	4.2.2	D0	072_CTRL005__layer_batch_schedule_robustness_control	derivation/registry/nodes/CTRL005.json	derivation/paper/main/sections/04_projective_refinement_and_nested_open_channels/02_canonical_schedule_rank_closure/072_CTRL005__layer_batch_schedule_robustness_control/SECTION.tex	derivation/supplement/sections/04_projective_refinement_and_nested_open_channels/02_canonical_schedule_rank_closure/072_CTRL005__layer_batch_schedule_robustness_control/DOCUMENTATION.md					0	CTRL005
073	073 · C044	C044	4.3.1	D2	073_C044__canonical_finite_prefix_projective_carrier_maps	derivation/registry/nodes/C044.json	derivation/paper/main/sections/04_projective_refinement_and_nested_open_channels/03_projective_carriers_and_nested_open_channels/073_C044__canonical_finite_prefix_projective_carrier_maps/SECTION.tex	derivation/supplement/sections/04_projective_refinement_and_nested_open_channels/03_projective_carriers_and_nested_open_channels/073_C044__canonical_finite_prefix_projective_carrier_maps/DOCUMENTATION.md					0	C044
074	074 · P019	P019	4.3.1.1	D2	074_P019__finite_prefix_map_typing_composition_and_projective_coherence	derivation/registry/nodes/P019.json	derivation/paper/main/sections/04_projective_refinement_and_nested_open_channels/03_projective_carriers_and_nested_open_channels/073_C044__canonical_finite_prefix_projective_carrier_maps/074_P019__finite_prefix_map_typing_composition_and_projective_coherence/SECTION.tex	derivation/supplement/sections/04_projective_refinement_and_nested_open_channels/03_projective_carriers_and_nested_open_channels/073_C044__canonical_finite_prefix_projective_carrier_maps/074_P019__finite_prefix_map_typing_composition_and_projective_coherence/DOCUMENTATION.md					0	P019
075	075 · C045	C045	4.3.2	D2	075_C045__nested_common_ambient_multiscale_transport	derivation/registry/nodes/C045.json	derivation/paper/main/sections/04_projective_refinement_and_nested_open_channels/03_projective_carriers_and_nested_open_channels/075_C045__nested_common_ambient_multiscale_transport/SECTION.tex	derivation/supplement/sections/04_projective_refinement_and_nested_open_channels/03_projective_carriers_and_nested_open_channels/075_C045__nested_common_ambient_multiscale_transport/DOCUMENTATION.md					0	C045
076	076 · P020	P020	4.3.2.1	D2	076_P020__common_ambient_embedding_and_transport_identities	derivation/registry/nodes/P020.json	derivation/paper/main/sections/04_projective_refinement_and_nested_open_channels/03_projective_carriers_and_nested_open_channels/075_C045__nested_common_ambient_multiscale_transport/076_P020__common_ambient_embedding_and_transport_identities/SECTION.tex	derivation/supplement/sections/04_projective_refinement_and_nested_open_channels/03_projective_carriers_and_nested_open_channels/075_C045__nested_common_ambient_multiscale_transport/076_P020__common_ambient_embedding_and_transport_identities/DOCUMENTATION.md					0	P020
077	077 · C047	C047	4.3.3	D2	077_C047__nested_channel_refinement	derivation/registry/nodes/C047.json	derivation/paper/main/sections/04_projective_refinement_and_nested_open_channels/03_projective_carriers_and_nested_open_channels/077_C047__nested_channel_refinement/SECTION.tex	derivation/supplement/sections/04_projective_refinement_and_nested_open_channels/03_projective_carriers_and_nested_open_channels/077_C047__nested_channel_refinement/DOCUMENTATION.md					0	C047
078	078 · P021	P021	4.3.3.1	D2	078_P021__nested_refinement_map_well_definedness_and_compatibility	derivation/registry/nodes/P021.json	derivation/paper/main/sections/04_projective_refinement_and_nested_open_channels/03_projective_carriers_and_nested_open_channels/077_C047__nested_channel_refinement/078_P021__nested_refinement_map_well_definedness_and_compatibility/SECTION.tex	derivation/supplement/sections/04_projective_refinement_and_nested_open_channels/03_projective_carriers_and_nested_open_channels/077_C047__nested_channel_refinement/078_P021__nested_refinement_map_well_definedness_and_compatibility/DOCUMENTATION.md					0	P021
079	079 · C046	C046	4.3.4	D2	079_C046__forward_channel_structure	derivation/registry/nodes/C046.json	derivation/paper/main/sections/04_projective_refinement_and_nested_open_channels/03_projective_carriers_and_nested_open_channels/079_C046__forward_channel_structure/SECTION.tex	derivation/supplement/sections/04_projective_refinement_and_nested_open_channels/03_projective_carriers_and_nested_open_channels/079_C046__forward_channel_structure/DOCUMENTATION.md					0	C046
080	080 · P022	P022	4.3.4.1	D2	080_P022__forward_channel_well_definedness_and_structural_identities	derivation/registry/nodes/P022.json	derivation/paper/main/sections/04_projective_refinement_and_nested_open_channels/03_projective_carriers_and_nested_open_channels/079_C046__forward_channel_structure/080_P022__forward_channel_well_definedness_and_structural_identities/SECTION.tex	derivation/supplement/sections/04_projective_refinement_and_nested_open_channels/03_projective_carriers_and_nested_open_channels/079_C046__forward_channel_structure/080_P022__forward_channel_well_definedness_and_structural_identities/DOCUMENTATION.md					0	P022
081	081 · C043	C043	4.4.1	D2	081_C043__refinement_cocycle_live_reconstruction	derivation/registry/nodes/C043.json	derivation/paper/main/sections/04_projective_refinement_and_nested_open_channels/04_refinement_cocycle_and_live_reconstruction/081_C043__refinement_cocycle_live_reconstruction/SECTION.tex	derivation/supplement/sections/04_projective_refinement_and_nested_open_channels/04_refinement_cocycle_and_live_reconstruction/081_C043__refinement_cocycle_live_reconstruction/DOCUMENTATION.md					0	C043
082	082 · P023	P023	4.4.1.1	D2	082_P023__refinement_cocycle_law	derivation/registry/nodes/P023.json	derivation/paper/main/sections/04_projective_refinement_and_nested_open_channels/04_refinement_cocycle_and_live_reconstruction/081_C043__refinement_cocycle_live_reconstruction/082_P023__refinement_cocycle_law/SECTION.tex	derivation/supplement/sections/04_projective_refinement_and_nested_open_channels/04_refinement_cocycle_and_live_reconstruction/081_C043__refinement_cocycle_live_reconstruction/082_P023__refinement_cocycle_law/DOCUMENTATION.md					0	P023
083	083 · P024	P024	4.4.1.2	D2	083_P024__future_invariance_of_retained_finite_blocks	derivation/registry/nodes/P024.json	derivation/paper/main/sections/04_projective_refinement_and_nested_open_channels/04_refinement_cocycle_and_live_reconstruction/081_C043__refinement_cocycle_live_reconstruction/083_P024__future_invariance_of_retained_finite_blocks/SECTION.tex	derivation/supplement/sections/04_projective_refinement_and_nested_open_channels/04_refinement_cocycle_and_live_reconstruction/081_C043__refinement_cocycle_live_reconstruction/083_P024__future_invariance_of_retained_finite_blocks/DOCUMENTATION.md					0	P024
084	084 · P025	P025	4.4.1.3	D2	084_P025__live_directed_reconstruction_from_record_and_cocycle_data	derivation/registry/nodes/P025.json	derivation/paper/main/sections/04_projective_refinement_and_nested_open_channels/04_refinement_cocycle_and_live_reconstruction/081_C043__refinement_cocycle_live_reconstruction/084_P025__live_directed_reconstruction_from_record_and_cocycle_data/SECTION.tex	derivation/supplement/sections/04_projective_refinement_and_nested_open_channels/04_refinement_cocycle_and_live_reconstruction/081_C043__refinement_cocycle_live_reconstruction/084_P025__live_directed_reconstruction_from_record_and_cocycle_data/DOCUMENTATION.md					0	P025
085	085 · O049	O049	4.5.1	D2	085_O049__projection_completion_naturality_obstruction	derivation/registry/nodes/O049.json	derivation/paper/main/sections/04_projective_refinement_and_nested_open_channels/05_projection_completion_obstruction_boundary/085_O049__projection_completion_naturality_obstruction/SECTION.tex	derivation/supplement/sections/04_projective_refinement_and_nested_open_channels/05_projection_completion_obstruction_boundary/085_O049__projection_completion_naturality_obstruction/DOCUMENTATION.md					0	O049
086	086 · C050	C050	5.1.1	D2	086_C050__finite_support_raw_presymplectic_carrier_v_fin_raw	derivation/registry/nodes/C050.json	derivation/paper/main/sections/05_presymplectic_completion_weyl_system_and_quasifree_state/01_raw_presymplectic_carrier_and_weyl_system/086_C050__finite_support_raw_presymplectic_carrier_v_fin_raw/SECTION.tex	derivation/supplement/sections/05_presymplectic_completion_weyl_system_and_quasifree_state/01_raw_presymplectic_carrier_and_weyl_system/086_C050__finite_support_raw_presymplectic_carrier_v_fin_raw/DOCUMENTATION.md					0	C050
087	087 · P026	P026	5.1.1.1	D2	087_P026__raw_presymplectic_well_definedness_and_future_invariance	derivation/registry/nodes/P026.json	derivation/paper/main/sections/05_presymplectic_completion_weyl_system_and_quasifree_state/01_raw_presymplectic_carrier_and_weyl_system/086_C050__finite_support_raw_presymplectic_carrier_v_fin_raw/087_P026__raw_presymplectic_well_definedness_and_future_invariance/SECTION.tex	derivation/supplement/sections/05_presymplectic_completion_weyl_system_and_quasifree_state/01_raw_presymplectic_carrier_and_weyl_system/086_C050__finite_support_raw_presymplectic_carrier_v_fin_raw/087_P026__raw_presymplectic_well_definedness_and_future_invariance/DOCUMENTATION.md					0	P026
088	088 · C051	C051	5.1.2	D2	088_C051__algebraic_weyl_direct_system	derivation/registry/nodes/C051.json	derivation/paper/main/sections/05_presymplectic_completion_weyl_system_and_quasifree_state/01_raw_presymplectic_carrier_and_weyl_system/088_C051__algebraic_weyl_direct_system/SECTION.tex	derivation/supplement/sections/05_presymplectic_completion_weyl_system_and_quasifree_state/01_raw_presymplectic_carrier_and_weyl_system/088_C051__algebraic_weyl_direct_system/DOCUMENTATION.md					0	C051
089	089 · P027	P027	5.1.2.1	D2	089_P027__algebraic_weyl_direct_system_coherence	derivation/registry/nodes/P027.json	derivation/paper/main/sections/05_presymplectic_completion_weyl_system_and_quasifree_state/01_raw_presymplectic_carrier_and_weyl_system/088_C051__algebraic_weyl_direct_system/089_P027__algebraic_weyl_direct_system_coherence/SECTION.tex	derivation/supplement/sections/05_presymplectic_completion_weyl_system_and_quasifree_state/01_raw_presymplectic_carrier_and_weyl_system/088_C051__algebraic_weyl_direct_system/089_P027__algebraic_weyl_direct_system_coherence/DOCUMENTATION.md					0	P027
090	090 · M050	M050	5.2.1	D2	090_M050__derived_provenance_hilbert_metric_g	derivation/registry/nodes/M050.json	derivation/paper/main/sections/05_presymplectic_completion_weyl_system_and_quasifree_state/02_provenance_hilbert_metric_and_normalized_skew/090_M050__derived_provenance_hilbert_metric_g/SECTION.tex	derivation/supplement/sections/05_presymplectic_completion_weyl_system_and_quasifree_state/02_provenance_hilbert_metric_and_normalized_skew/090_M050__derived_provenance_hilbert_metric_g/DOCUMENTATION.md					0	M050
091	091 · P028	P028	5.2.1.1	D2	091_P028__provenance_metric_existence_and_cylinder_consistency	derivation/registry/nodes/P028.json	derivation/paper/main/sections/05_presymplectic_completion_weyl_system_and_quasifree_state/02_provenance_hilbert_metric_and_normalized_skew/090_M050__derived_provenance_hilbert_metric_g/091_P028__provenance_metric_existence_and_cylinder_consistency/SECTION.tex	derivation/supplement/sections/05_presymplectic_completion_weyl_system_and_quasifree_state/02_provenance_hilbert_metric_and_normalized_skew/090_M050__derived_provenance_hilbert_metric_g/091_P028__provenance_metric_existence_and_cylinder_consistency/DOCUMENTATION.md					0	P028
092	092 · P029	P029	5.2.1.2	D2	092_P029__provenance_metric_positivity_and_uniqueness_up_to_normalization	derivation/registry/nodes/P029.json	derivation/paper/main/sections/05_presymplectic_completion_weyl_system_and_quasifree_state/02_provenance_hilbert_metric_and_normalized_skew/090_M050__derived_provenance_hilbert_metric_g/092_P029__provenance_metric_positivity_and_uniqueness_up_to_normalization/SECTION.tex	derivation/supplement/sections/05_presymplectic_completion_weyl_system_and_quasifree_state/02_provenance_hilbert_metric_and_normalized_skew/090_M050__derived_provenance_hilbert_metric_g/092_P029__provenance_metric_positivity_and_uniqueness_up_to_normalization/DOCUMENTATION.md					0	P029
093	093 · C052	C052	5.2.2	D2	093_C052__hilbert_schmidt_normalized_skew_operator_k	derivation/registry/nodes/C052.json	derivation/paper/main/sections/05_presymplectic_completion_weyl_system_and_quasifree_state/02_provenance_hilbert_metric_and_normalized_skew/093_C052__hilbert_schmidt_normalized_skew_operator_k/SECTION.tex	derivation/supplement/sections/05_presymplectic_completion_weyl_system_and_quasifree_state/02_provenance_hilbert_metric_and_normalized_skew/093_C052__hilbert_schmidt_normalized_skew_operator_k/DOCUMENTATION.md					0	C052
094	094 · P030	P030	5.2.2.1	D2	094_P030__normalized_skew_operator_boundedness_and_skew_adjointness	derivation/registry/nodes/P030.json	derivation/paper/main/sections/05_presymplectic_completion_weyl_system_and_quasifree_state/02_provenance_hilbert_metric_and_normalized_skew/093_C052__hilbert_schmidt_normalized_skew_operator_k/094_P030__normalized_skew_operator_boundedness_and_skew_adjointness/SECTION.tex	derivation/supplement/sections/05_presymplectic_completion_weyl_system_and_quasifree_state/02_provenance_hilbert_metric_and_normalized_skew/093_C052__hilbert_schmidt_normalized_skew_operator_k/094_P030__normalized_skew_operator_boundedness_and_skew_adjointness/DOCUMENTATION.md					0	P030
095	095 · P031	P031	5.2.2.2	D2	095_P031__hilbert_schmidt_edge_majorant_and_tail	derivation/registry/nodes/P031.json	derivation/paper/main/sections/05_presymplectic_completion_weyl_system_and_quasifree_state/02_provenance_hilbert_metric_and_normalized_skew/093_C052__hilbert_schmidt_normalized_skew_operator_k/095_P031__hilbert_schmidt_edge_majorant_and_tail/SECTION.tex	derivation/supplement/sections/05_presymplectic_completion_weyl_system_and_quasifree_state/02_provenance_hilbert_metric_and_normalized_skew/093_C052__hilbert_schmidt_normalized_skew_operator_k/095_P031__hilbert_schmidt_edge_majorant_and_tail/DOCUMENTATION.md					0	P031
096	096 · C054	C054	5.2.3	D2	096_C054__algebraic_radical_triviality_and_infinite_rank	derivation/registry/nodes/C054.json	derivation/paper/main/sections/05_presymplectic_completion_weyl_system_and_quasifree_state/02_provenance_hilbert_metric_and_normalized_skew/096_C054__algebraic_radical_triviality_and_infinite_rank/SECTION.tex	derivation/supplement/sections/05_presymplectic_completion_weyl_system_and_quasifree_state/02_provenance_hilbert_metric_and_normalized_skew/096_C054__algebraic_radical_triviality_and_infinite_rank/DOCUMENTATION.md					0	C054
097	097 · P032	P032	5.2.3.1	D2	097_P032__algebraic_radical_triviality	derivation/registry/nodes/P032.json	derivation/paper/main/sections/05_presymplectic_completion_weyl_system_and_quasifree_state/02_provenance_hilbert_metric_and_normalized_skew/096_C054__algebraic_radical_triviality_and_infinite_rank/097_P032__algebraic_radical_triviality/SECTION.tex	derivation/supplement/sections/05_presymplectic_completion_weyl_system_and_quasifree_state/02_provenance_hilbert_metric_and_normalized_skew/096_C054__algebraic_radical_triviality_and_infinite_rank/097_P032__algebraic_radical_triviality/DOCUMENTATION.md					0	P032
098	098 · P033	P033	5.2.3.2	D2	098_P033__infinite_rank_of_the_raw_skew_operator	derivation/registry/nodes/P033.json	derivation/paper/main/sections/05_presymplectic_completion_weyl_system_and_quasifree_state/02_provenance_hilbert_metric_and_normalized_skew/096_C054__algebraic_radical_triviality_and_infinite_rank/098_P033__infinite_rank_of_the_raw_skew_operator/SECTION.tex	derivation/supplement/sections/05_presymplectic_completion_weyl_system_and_quasifree_state/02_provenance_hilbert_metric_and_normalized_skew/096_C054__algebraic_radical_triviality_and_infinite_rank/098_P033__infinite_rank_of_the_raw_skew_operator/DOCUMENTATION.md					0	P033
099	099 · C053	C053	5.3.1	D2	099_C053__regular_quasifree_provenance_state_prov	derivation/registry/nodes/C053.json	derivation/paper/main/sections/05_presymplectic_completion_weyl_system_and_quasifree_state/03_quasifree_state_specialization/099_C053__regular_quasifree_provenance_state_prov/SECTION.tex	derivation/supplement/sections/05_presymplectic_completion_weyl_system_and_quasifree_state/03_quasifree_state_specialization/099_C053__regular_quasifree_provenance_state_prov/DOCUMENTATION.md					0	C053
100	100 · P034	P034	5.3.1.1	D2	100_P034__quasifree_positivity_regularity_and_cylinder_consistency	derivation/registry/nodes/P034.json	derivation/paper/main/sections/05_presymplectic_completion_weyl_system_and_quasifree_state/03_quasifree_state_specialization/099_C053__regular_quasifree_provenance_state_prov/100_P034__quasifree_positivity_regularity_and_cylinder_consistency/SECTION.tex	derivation/supplement/sections/05_presymplectic_completion_weyl_system_and_quasifree_state/03_quasifree_state_specialization/099_C053__regular_quasifree_provenance_state_prov/100_P034__quasifree_positivity_regularity_and_cylinder_consistency/DOCUMENTATION.md					0	P034
101	101 · C055	C055	5.4.1	D2	101_C055__local_descendant_cone_hilbert_completion	derivation/registry/nodes/C055.json	derivation/paper/main/sections/05_presymplectic_completion_weyl_system_and_quasifree_state/04_local_cone_completion_and_injectivity/101_C055__local_descendant_cone_hilbert_completion/SECTION.tex	derivation/supplement/sections/05_presymplectic_completion_weyl_system_and_quasifree_state/04_local_cone_completion_and_injectivity/101_C055__local_descendant_cone_hilbert_completion/DOCUMENTATION.md					0	C055
102	102 · P035	P035	5.4.1.1	D2	102_P035__local_cone_restriction_and_hilbert_completion_canonicity	derivation/registry/nodes/P035.json	derivation/paper/main/sections/05_presymplectic_completion_weyl_system_and_quasifree_state/04_local_cone_completion_and_injectivity/101_C055__local_descendant_cone_hilbert_completion/102_P035__local_cone_restriction_and_hilbert_completion_canonicity/SECTION.tex	derivation/supplement/sections/05_presymplectic_completion_weyl_system_and_quasifree_state/04_local_cone_completion_and_injectivity/101_C055__local_descendant_cone_hilbert_completion/102_P035__local_cone_restriction_and_hilbert_completion_canonicity/DOCUMENTATION.md					0	P035
103	103 · C056	C056	5.4.2	D2	103_C056__completed_local_injectivity_ker_k_p_0	derivation/registry/nodes/C056.json	derivation/paper/main/sections/05_presymplectic_completion_weyl_system_and_quasifree_state/04_local_cone_completion_and_injectivity/103_C056__completed_local_injectivity_ker_k_p_0/SECTION.tex	derivation/supplement/sections/05_presymplectic_completion_weyl_system_and_quasifree_state/04_local_cone_completion_and_injectivity/103_C056__completed_local_injectivity_ker_k_p_0/DOCUMENTATION.md					0	C056
104	104 · P036	P036	5.4.2.1	D2	104_P036__ray_generating_function_injectivity_argument	derivation/registry/nodes/P036.json	derivation/paper/main/sections/05_presymplectic_completion_weyl_system_and_quasifree_state/04_local_cone_completion_and_injectivity/103_C056__completed_local_injectivity_ker_k_p_0/104_P036__ray_generating_function_injectivity_argument/SECTION.tex	derivation/supplement/sections/05_presymplectic_completion_weyl_system_and_quasifree_state/04_local_cone_completion_and_injectivity/103_C056__completed_local_injectivity_ker_k_p_0/104_P036__ray_generating_function_injectivity_argument/DOCUMENTATION.md					0	P036
105	105 · P037	P037	5.4.2.2	D2	105_P037__complete_remainder_estimate_and_completion_transfer	derivation/registry/nodes/P037.json	derivation/paper/main/sections/05_presymplectic_completion_weyl_system_and_quasifree_state/04_local_cone_completion_and_injectivity/103_C056__completed_local_injectivity_ker_k_p_0/105_P037__complete_remainder_estimate_and_completion_transfer/SECTION.tex	derivation/supplement/sections/05_presymplectic_completion_weyl_system_and_quasifree_state/04_local_cone_completion_and_injectivity/103_C056__completed_local_injectivity_ker_k_p_0/105_P037__complete_remainder_estimate_and_completion_transfer/DOCUMENTATION.md					0	P037
106	106 · C057	C057	6.1.1	D2	106_C057__gns_araki_woods_spectral_handoff	derivation/registry/nodes/C057.json	derivation/paper/main/sections/06_local_operator_algebraic_specialization/01_gns_araki_woods_representation_and_type_classification/106_C057__gns_araki_woods_spectral_handoff/SECTION.tex	derivation/supplement/sections/06_local_operator_algebraic_specialization/01_gns_araki_woods_representation_and_type_classification/106_C057__gns_araki_woods_spectral_handoff/DOCUMENTATION.md					0	C057
107	107 · P038	P038	6.1.1.1	D2	107_P038__gns_existence_and_representation_handoff	derivation/registry/nodes/P038.json	derivation/paper/main/sections/06_local_operator_algebraic_specialization/01_gns_araki_woods_representation_and_type_classification/106_C057__gns_araki_woods_spectral_handoff/107_P038__gns_existence_and_representation_handoff/SECTION.tex	derivation/supplement/sections/06_local_operator_algebraic_specialization/01_gns_araki_woods_representation_and_type_classification/106_C057__gns_araki_woods_spectral_handoff/107_P038__gns_existence_and_representation_handoff/DOCUMENTATION.md					0	P038
108	108 · P039	P039	6.1.1.2	D2	108_P039__araki_woods_realization_and_spectral_identification	derivation/registry/nodes/P039.json	derivation/paper/main/sections/06_local_operator_algebraic_specialization/01_gns_araki_woods_representation_and_type_classification/106_C057__gns_araki_woods_spectral_handoff/108_P039__araki_woods_realization_and_spectral_identification/SECTION.tex	derivation/supplement/sections/06_local_operator_algebraic_specialization/01_gns_araki_woods_representation_and_type_classification/106_C057__gns_araki_woods_spectral_handoff/108_P039__araki_woods_realization_and_spectral_identification/DOCUMENTATION.md					0	P039
109	109 · C058	C058	6.1.2	D2	109_C058__local_hyperfinite_type_iii_factor	derivation/registry/nodes/C058.json	derivation/paper/main/sections/06_local_operator_algebraic_specialization/01_gns_araki_woods_representation_and_type_classification/109_C058__local_hyperfinite_type_iii_factor/SECTION.tex	derivation/supplement/sections/06_local_operator_algebraic_specialization/01_gns_araki_woods_representation_and_type_classification/109_C058__local_hyperfinite_type_iii_factor/DOCUMENTATION.md					0	C058
110	110 · P040	P040	6.1.2.1	D2	110_P040__local_factoriality_and_center_triviality	derivation/registry/nodes/P040.json	derivation/paper/main/sections/06_local_operator_algebraic_specialization/01_gns_araki_woods_representation_and_type_classification/109_C058__local_hyperfinite_type_iii_factor/110_P040__local_factoriality_and_center_triviality/SECTION.tex	derivation/supplement/sections/06_local_operator_algebraic_specialization/01_gns_araki_woods_representation_and_type_classification/109_C058__local_hyperfinite_type_iii_factor/110_P040__local_factoriality_and_center_triviality/DOCUMENTATION.md					0	P040
111	111 · P041	P041	6.1.2.2	D2	111_P041__local_hyperfiniteness	derivation/registry/nodes/P041.json	derivation/paper/main/sections/06_local_operator_algebraic_specialization/01_gns_araki_woods_representation_and_type_classification/109_C058__local_hyperfinite_type_iii_factor/111_P041__local_hyperfiniteness/SECTION.tex	derivation/supplement/sections/06_local_operator_algebraic_specialization/01_gns_araki_woods_representation_and_type_classification/109_C058__local_hyperfinite_type_iii_factor/111_P041__local_hyperfiniteness/DOCUMENTATION.md					0	P041
112	112 · P042	P042	6.1.2.3	D2	112_P042__type_iii1_ratio_set_classification	derivation/registry/nodes/P042.json	derivation/paper/main/sections/06_local_operator_algebraic_specialization/01_gns_araki_woods_representation_and_type_classification/109_C058__local_hyperfinite_type_iii_factor/112_P042__type_iii1_ratio_set_classification/SECTION.tex	derivation/supplement/sections/06_local_operator_algebraic_specialization/01_gns_araki_woods_representation_and_type_classification/109_C058__local_hyperfinite_type_iii_factor/112_P042__type_iii1_ratio_set_classification/DOCUMENTATION.md					0	P042
113	113 · C059	C059	6.2.1	D2	113_C059__finite_active_interface_taxonomy_for_descendant_cones	derivation/registry/nodes/C059.json	derivation/paper/main/sections/06_local_operator_algebraic_specialization/02_complement_factorization_finite_interface_and_split_structure/113_C059__finite_active_interface_taxonomy_for_descendant_cones/SECTION.tex	derivation/supplement/sections/06_local_operator_algebraic_specialization/02_complement_factorization_finite_interface_and_split_structure/113_C059__finite_active_interface_taxonomy_for_descendant_cones/DOCUMENTATION.md					0	C059
114	114 · P043	P043	6.2.1.1	D2	114_P043__finite_interface_taxonomy_exhaustivity_and_disjointness	derivation/registry/nodes/P043.json	derivation/paper/main/sections/06_local_operator_algebraic_specialization/02_complement_factorization_finite_interface_and_split_structure/113_C059__finite_active_interface_taxonomy_for_descendant_cones/114_P043__finite_interface_taxonomy_exhaustivity_and_disjointness/SECTION.tex	derivation/supplement/sections/06_local_operator_algebraic_specialization/02_complement_factorization_finite_interface_and_split_structure/113_C059__finite_active_interface_taxonomy_for_descendant_cones/114_P043__finite_interface_taxonomy_exhaustivity_and_disjointness/DOCUMENTATION.md					0	P043
115	115 · C060	C060	6.2.2	D2	115_C060__exact_complement_split_chain	derivation/registry/nodes/C060.json	derivation/paper/main/sections/06_local_operator_algebraic_specialization/02_complement_factorization_finite_interface_and_split_structure/115_C060__exact_complement_split_chain/SECTION.tex	derivation/supplement/sections/06_local_operator_algebraic_specialization/02_complement_factorization_finite_interface_and_split_structure/115_C060__exact_complement_split_chain/DOCUMENTATION.md					0	C060
116	116 · P044	P044	6.2.2.1	D2	116_P044__one_particle_complement_tensor_factorization	derivation/registry/nodes/P044.json	derivation/paper/main/sections/06_local_operator_algebraic_specialization/02_complement_factorization_finite_interface_and_split_structure/115_C060__exact_complement_split_chain/116_P044__one_particle_complement_tensor_factorization/SECTION.tex	derivation/supplement/sections/06_local_operator_algebraic_specialization/02_complement_factorization_finite_interface_and_split_structure/115_C060__exact_complement_split_chain/116_P044__one_particle_complement_tensor_factorization/DOCUMENTATION.md					0	P044
117	117 · P045	P045	6.2.2.2	D2	117_P045__type_i_interpolant_and_exact_iii1_i_iii1_inclusion	derivation/registry/nodes/P045.json	derivation/paper/main/sections/06_local_operator_algebraic_specialization/02_complement_factorization_finite_interface_and_split_structure/115_C060__exact_complement_split_chain/117_P045__type_i_interpolant_and_exact_iii1_i_iii1_inclusion/SECTION.tex	derivation/supplement/sections/06_local_operator_algebraic_specialization/02_complement_factorization_finite_interface_and_split_structure/115_C060__exact_complement_split_chain/117_P045__type_i_interpolant_and_exact_iii1_i_iii1_inclusion/DOCUMENTATION.md					0	P045
118	118 · C061	C061	6.2.3	D2	118_C061__dual_complement_envelope_isotony	derivation/registry/nodes/C061.json	derivation/paper/main/sections/06_local_operator_algebraic_specialization/02_complement_factorization_finite_interface_and_split_structure/118_C061__dual_complement_envelope_isotony/SECTION.tex	derivation/supplement/sections/06_local_operator_algebraic_specialization/02_complement_factorization_finite_interface_and_split_structure/118_C061__dual_complement_envelope_isotony/DOCUMENTATION.md					0	C061
119	119 · P046	P046	6.2.3.1	D2	119_P046__exterior_antitony_and_commutant_reversal_isotony	derivation/registry/nodes/P046.json	derivation/paper/main/sections/06_local_operator_algebraic_specialization/02_complement_factorization_finite_interface_and_split_structure/118_C061__dual_complement_envelope_isotony/119_P046__exterior_antitony_and_commutant_reversal_isotony/SECTION.tex	derivation/supplement/sections/06_local_operator_algebraic_specialization/02_complement_factorization_finite_interface_and_split_structure/118_C061__dual_complement_envelope_isotony/119_P046__exterior_antitony_and_commutant_reversal_isotony/DOCUMENTATION.md					0	P046
120	120 · O090	O090	6.3.1	D2	120_O090__counting_terminal_fock_identification_obstruction	derivation/registry/nodes/O090.json	derivation/paper/main/sections/06_local_operator_algebraic_specialization/03_rejected_completion_identifications/120_O090__counting_terminal_fock_identification_obstruction/SECTION.tex	derivation/supplement/sections/06_local_operator_algebraic_specialization/03_rejected_completion_identifications/120_O090__counting_terminal_fock_identification_obstruction/DOCUMENTATION.md					0	O090
121	121 · O091	O091	6.3.2	D2	121_O091__ontic_corner_schur_inductive_limit_obstruction	derivation/registry/nodes/O091.json	derivation/paper/main/sections/06_local_operator_algebraic_specialization/03_rejected_completion_identifications/121_O091__ontic_corner_schur_inductive_limit_obstruction/SECTION.tex	derivation/supplement/sections/06_local_operator_algebraic_specialization/03_rejected_completion_identifications/121_O091__ontic_corner_schur_inductive_limit_obstruction/DOCUMENTATION.md					0	O091
122	122 · O071	O071	7.1.1	D2	122_O071__geometry_interface_canonicity_obstruction	derivation/registry/nodes/O071.json	derivation/paper/main/sections/07_emergent_geometry_and_hodge_hk_branch/01_geometry_selector_obstruction_and_canonical_selector/122_O071__geometry_interface_canonicity_obstruction/SECTION.tex	derivation/supplement/sections/07_emergent_geometry_and_hodge_hk_branch/01_geometry_selector_obstruction_and_canonical_selector/122_O071__geometry_interface_canonicity_obstruction/DOCUMENTATION.md					0	O071
123	123 · M070	M070	7.1.2	D2	123_M070__canonical_emergent_interface_geometry_selector	derivation/registry/nodes/M070.json	derivation/paper/main/sections/07_emergent_geometry_and_hodge_hk_branch/01_geometry_selector_obstruction_and_canonical_selector/123_M070__canonical_emergent_interface_geometry_selector/SECTION.tex	derivation/supplement/sections/07_emergent_geometry_and_hodge_hk_branch/01_geometry_selector_obstruction_and_canonical_selector/123_M070__canonical_emergent_interface_geometry_selector/DOCUMENTATION.md					0	M070
124	124 · P047	P047	7.1.2.1	D2	124_P047__canonical_geometry_interface_selector_existence	derivation/registry/nodes/P047.json	derivation/paper/main/sections/07_emergent_geometry_and_hodge_hk_branch/01_geometry_selector_obstruction_and_canonical_selector/123_M070__canonical_emergent_interface_geometry_selector/124_P047__canonical_geometry_interface_selector_existence/SECTION.tex	derivation/supplement/sections/07_emergent_geometry_and_hodge_hk_branch/01_geometry_selector_obstruction_and_canonical_selector/123_M070__canonical_emergent_interface_geometry_selector/124_P047__canonical_geometry_interface_selector_existence/DOCUMENTATION.md					0	P047
125	125 · P048	P048	7.1.2.2	D2	125_P048__geometry_selector_uniqueness_equivariance_and_naturality	derivation/registry/nodes/P048.json	derivation/paper/main/sections/07_emergent_geometry_and_hodge_hk_branch/01_geometry_selector_obstruction_and_canonical_selector/123_M070__canonical_emergent_interface_geometry_selector/125_P048__geometry_selector_uniqueness_equivariance_and_naturality/SECTION.tex	derivation/supplement/sections/07_emergent_geometry_and_hodge_hk_branch/01_geometry_selector_obstruction_and_canonical_selector/123_M070__canonical_emergent_interface_geometry_selector/125_P048__geometry_selector_uniqueness_equivariance_and_naturality/DOCUMENTATION.md					0	P048
126	126 · B071	B071	7.2.1	D2	126_B071__hodge_geometric_locality_hk_geometry_branch	derivation/registry/nodes/B071.json	derivation/paper/main/sections/07_emergent_geometry_and_hodge_hk_branch/02_hodge_hk_specialization_branch/126_B071__hodge_geometric_locality_hk_geometry_branch/SECTION.tex	derivation/supplement/sections/07_emergent_geometry_and_hodge_hk_branch/02_hodge_hk_specialization_branch/126_B071__hodge_geometric_locality_hk_geometry_branch/DOCUMENTATION.md					0	B071
127	127 · M080	M080	8.1.1	D2	127_M080__local_standardness_of_m_o	derivation/registry/nodes/M080.json	derivation/paper/main/sections/08_modular_aqft_specialization_and_purity_gates/01_standardness_modular_flow_and_native_provenance_action/127_M080__local_standardness_of_m_o/SECTION.tex	derivation/supplement/sections/08_modular_aqft_specialization_and_purity_gates/01_standardness_modular_flow_and_native_provenance_action/127_M080__local_standardness_of_m_o/DOCUMENTATION.md					0	M080
128	128 · P049	P049	8.1.1.1	D2	128_P049__local_cyclicity_of_the_gns_vector	derivation/registry/nodes/P049.json	derivation/paper/main/sections/08_modular_aqft_specialization_and_purity_gates/01_standardness_modular_flow_and_native_provenance_action/127_M080__local_standardness_of_m_o/128_P049__local_cyclicity_of_the_gns_vector/SECTION.tex	derivation/supplement/sections/08_modular_aqft_specialization_and_purity_gates/01_standardness_modular_flow_and_native_provenance_action/127_M080__local_standardness_of_m_o/128_P049__local_cyclicity_of_the_gns_vector/DOCUMENTATION.md					0	P049
129	129 · P050	P050	8.1.1.2	D2	129_P050__local_separatingness_of_the_gns_vector	derivation/registry/nodes/P050.json	derivation/paper/main/sections/08_modular_aqft_specialization_and_purity_gates/01_standardness_modular_flow_and_native_provenance_action/127_M080__local_standardness_of_m_o/129_P050__local_separatingness_of_the_gns_vector/SECTION.tex	derivation/supplement/sections/08_modular_aqft_specialization_and_purity_gates/01_standardness_modular_flow_and_native_provenance_action/127_M080__local_standardness_of_m_o/129_P050__local_separatingness_of_the_gns_vector/DOCUMENTATION.md					0	P050
130	130 · M082	M082	8.1.2	D2	130_M082__derived_local_modular_flow	derivation/registry/nodes/M082.json	derivation/paper/main/sections/08_modular_aqft_specialization_and_purity_gates/01_standardness_modular_flow_and_native_provenance_action/130_M082__derived_local_modular_flow/SECTION.tex	derivation/supplement/sections/08_modular_aqft_specialization_and_purity_gates/01_standardness_modular_flow_and_native_provenance_action/130_M082__derived_local_modular_flow/DOCUMENTATION.md					0	M082
131	131 · P051	P051	8.1.2.1	D2	131_P051__tomita_operator_closure_and_polar_decomposition	derivation/registry/nodes/P051.json	derivation/paper/main/sections/08_modular_aqft_specialization_and_purity_gates/01_standardness_modular_flow_and_native_provenance_action/130_M082__derived_local_modular_flow/131_P051__tomita_operator_closure_and_polar_decomposition/SECTION.tex	derivation/supplement/sections/08_modular_aqft_specialization_and_purity_gates/01_standardness_modular_flow_and_native_provenance_action/130_M082__derived_local_modular_flow/131_P051__tomita_operator_closure_and_polar_decomposition/DOCUMENTATION.md					0	P051
132	132 · P052	P052	8.1.2.2	D2	132_P052__local_modular_automorphism_group_and_net_compatibility	derivation/registry/nodes/P052.json	derivation/paper/main/sections/08_modular_aqft_specialization_and_purity_gates/01_standardness_modular_flow_and_native_provenance_action/130_M082__derived_local_modular_flow/132_P052__local_modular_automorphism_group_and_net_compatibility/SECTION.tex	derivation/supplement/sections/08_modular_aqft_specialization_and_purity_gates/01_standardness_modular_flow_and_native_provenance_action/130_M082__derived_local_modular_flow/132_P052__local_modular_automorphism_group_and_net_compatibility/DOCUMENTATION.md					0	P052
133	133 · O081	O081	8.1.3	D2	133_O081__global_native_modular_conjugation_lift_obstruction	derivation/registry/nodes/O081.json	derivation/paper/main/sections/08_modular_aqft_specialization_and_purity_gates/01_standardness_modular_flow_and_native_provenance_action/133_O081__global_native_modular_conjugation_lift_obstruction/SECTION.tex	derivation/supplement/sections/08_modular_aqft_specialization_and_purity_gates/01_standardness_modular_flow_and_native_provenance_action/133_O081__global_native_modular_conjugation_lift_obstruction/DOCUMENTATION.md					0	O081
134	134 · O092	O092	8.1.4	D2	134_O092__k_selected_polarization_uniqueness_compatibility_obstruction	derivation/registry/nodes/O092.json	derivation/paper/main/sections/08_modular_aqft_specialization_and_purity_gates/01_standardness_modular_flow_and_native_provenance_action/134_O092__k_selected_polarization_uniqueness_compatibility_obstruction/SECTION.tex	derivation/supplement/sections/08_modular_aqft_specialization_and_purity_gates/01_standardness_modular_flow_and_native_provenance_action/134_O092__k_selected_polarization_uniqueness_compatibility_obstruction/DOCUMENTATION.md					0	O092
135	135 · M086	M086	8.1.5	D2	135_M086__native_provenance_realization_of_the_local_modular_action	derivation/registry/nodes/M086.json	derivation/paper/main/sections/08_modular_aqft_specialization_and_purity_gates/01_standardness_modular_flow_and_native_provenance_action/135_M086__native_provenance_realization_of_the_local_modular_action/SECTION.tex	derivation/supplement/sections/08_modular_aqft_specialization_and_purity_gates/01_standardness_modular_flow_and_native_provenance_action/135_M086__native_provenance_realization_of_the_local_modular_action/DOCUMENTATION.md					0	M086
136	136 · P053	P053	8.1.5.1	D2	136_P053__native_provenance_action_realization_and_intertwining	derivation/registry/nodes/P053.json	derivation/paper/main/sections/08_modular_aqft_specialization_and_purity_gates/01_standardness_modular_flow_and_native_provenance_action/135_M086__native_provenance_realization_of_the_local_modular_action/136_P053__native_provenance_action_realization_and_intertwining/SECTION.tex	derivation/supplement/sections/08_modular_aqft_specialization_and_purity_gates/01_standardness_modular_flow_and_native_provenance_action/135_M086__native_provenance_realization_of_the_local_modular_action/136_P053__native_provenance_action_realization_and_intertwining/DOCUMENTATION.md					0	P053
137	137 · P054	P054	8.1.5.2	D2	137_P054__native_modular_action_canonicity_and_choice_independence	derivation/registry/nodes/P054.json	derivation/paper/main/sections/08_modular_aqft_specialization_and_purity_gates/01_standardness_modular_flow_and_native_provenance_action/135_M086__native_provenance_realization_of_the_local_modular_action/137_P054__native_modular_action_canonicity_and_choice_independence/SECTION.tex	derivation/supplement/sections/08_modular_aqft_specialization_and_purity_gates/01_standardness_modular_flow_and_native_provenance_action/135_M086__native_provenance_realization_of_the_local_modular_action/137_P054__native_modular_action_canonicity_and_choice_independence/DOCUMENTATION.md					0	P054
138	138 · M083	M083	8.2.1	D2	138_M083__covariance_group_and_spectrum_condition	derivation/registry/nodes/M083.json	derivation/paper/main/sections/08_modular_aqft_specialization_and_purity_gates/02_aqft_covariance_and_spectrum/138_M083__covariance_group_and_spectrum_condition/SECTION.tex	derivation/supplement/sections/08_modular_aqft_specialization_and_purity_gates/02_aqft_covariance_and_spectrum/138_M083__covariance_group_and_spectrum_condition/DOCUMENTATION.md					0	M083
139	139 · P055	P055	8.2.1.1	D2	139_P055__covariance_automorphism_group	derivation/registry/nodes/P055.json	derivation/paper/main/sections/08_modular_aqft_specialization_and_purity_gates/02_aqft_covariance_and_spectrum/138_M083__covariance_group_and_spectrum_condition/139_P055__covariance_automorphism_group/SECTION.tex	derivation/supplement/sections/08_modular_aqft_specialization_and_purity_gates/02_aqft_covariance_and_spectrum/138_M083__covariance_group_and_spectrum_condition/139_P055__covariance_automorphism_group/DOCUMENTATION.md					0	P055
140	140 · P056	P056	8.2.1.2	D2	140_P056__positive_generator_of_the_covariance_group	derivation/registry/nodes/P056.json	derivation/paper/main/sections/08_modular_aqft_specialization_and_purity_gates/02_aqft_covariance_and_spectrum/138_M083__covariance_group_and_spectrum_condition/140_P056__positive_generator_of_the_covariance_group/SECTION.tex	derivation/supplement/sections/08_modular_aqft_specialization_and_purity_gates/02_aqft_covariance_and_spectrum/138_M083__covariance_group_and_spectrum_condition/140_P056__positive_generator_of_the_covariance_group/DOCUMENTATION.md					0	P056
141	141 · P057	P057	8.2.1.3	D2	141_P057__spectrum_condition	derivation/registry/nodes/P057.json	derivation/paper/main/sections/08_modular_aqft_specialization_and_purity_gates/02_aqft_covariance_and_spectrum/138_M083__covariance_group_and_spectrum_condition/141_P057__spectrum_condition/SECTION.tex	derivation/supplement/sections/08_modular_aqft_specialization_and_purity_gates/02_aqft_covariance_and_spectrum/138_M083__covariance_group_and_spectrum_condition/141_P057__spectrum_condition/DOCUMENTATION.md					0	P057
142	142 · O084	O084	8.3.1	D2	142_O084__prov_purity_obstruction	derivation/registry/nodes/O084.json	derivation/paper/main/sections/08_modular_aqft_specialization_and_purity_gates/03_purity_gate/142_O084__prov_purity_obstruction/SECTION.tex	derivation/supplement/sections/08_modular_aqft_specialization_and_purity_gates/03_purity_gate/142_O084__prov_purity_obstruction/DOCUMENTATION.md					0	O084
143	143 · M085	M085	8.3.2	D2	143_M085__canonical_purification_pure_global_state_branch	derivation/registry/nodes/M085.json	derivation/paper/main/sections/08_modular_aqft_specialization_and_purity_gates/03_purity_gate/143_M085__canonical_purification_pure_global_state_branch/SECTION.tex	derivation/supplement/sections/08_modular_aqft_specialization_and_purity_gates/03_purity_gate/143_M085__canonical_purification_pure_global_state_branch/DOCUMENTATION.md					0	M085
144	144 · P058	P058	8.3.2.1	D2	144_P058__purification_or_pure_global_state_existence	derivation/registry/nodes/P058.json	derivation/paper/main/sections/08_modular_aqft_specialization_and_purity_gates/03_purity_gate/143_M085__canonical_purification_pure_global_state_branch/144_P058__purification_or_pure_global_state_existence/SECTION.tex	derivation/supplement/sections/08_modular_aqft_specialization_and_purity_gates/03_purity_gate/143_M085__canonical_purification_pure_global_state_branch/144_P058__purification_or_pure_global_state_existence/DOCUMENTATION.md					0	P058
145	145 · P059	P059	8.3.2.2	D2	145_P059__purification_canonicity_and_no_free_choice_theorem	derivation/registry/nodes/P059.json	derivation/paper/main/sections/08_modular_aqft_specialization_and_purity_gates/03_purity_gate/143_M085__canonical_purification_pure_global_state_branch/145_P059__purification_canonicity_and_no_free_choice_theorem/SECTION.tex	derivation/supplement/sections/08_modular_aqft_specialization_and_purity_gates/03_purity_gate/143_M085__canonical_purification_pure_global_state_branch/145_P059__purification_canonicity_and_no_free_choice_theorem/DOCUMENTATION.md					0	P059
